"year","yday","prcp","tmax","tmin","vp"
2009,68,0,27.48,10.96,1308.12
2009,69,0,26.88,12.58,1455.95
2009,70,0,26.28,12.63,1461.12
2009,71,0,19.72,10.7,1286.32
2009,72,0,10.29,6.74,983.45
2009,73,23.17,6.36,3.93,809.08
2009,74,26.19,10.72,5.1,877.81
2009,75,7.52,13.21,7.88,1063.3
2009,76,0,20.81,9.45,1182.95
2009,77,0,19.94,6.91,995.05
2009,78,0,23.99,4.29,829.72
2009,79,0,18.68,6.18,946.37
2009,80,0,16.17,3.39,778.86
2009,81,0,20.61,2.45,728.73
2009,82,0,22.47,3.23,770.2
2009,83,0,21.42,5.13,880.06
2009,84,1.37,16.26,7.86,1062.01
2009,85,13.05,17.75,8.36,1099.01
2009,86,38.34,16.85,10.48,1267.57
2009,87,41.13,16.83,13.43,1539.95
2009,88,0,15.25,6.61,974.74
2009,89,0,21.07,2.96,755.47
2009,90,4.11,17.97,5.57,907.37
2009,91,23.27,18.01,9.71,1203.74
2009,92,15.86,16.78,13.82,1578.94
2009,93,0,18.47,10.13,1238.16
2009,94,0,24.84,5.68,914.17
2009,95,0.23,20.2,6.74,983.99
2009,96,0,15.92,6.87,992.65
2009,97,0,9.12,2.04,707.32
2009,98,0,18.99,-0.5,588.85
2009,99,0,24.59,3.22,769.47
2009,100,10.14,23,10.3,1252.52
2009,101,0,20.35,9.19,1162.49
2009,102,10.18,21.42,6.61,974.76
2009,103,15.33,16.38,8.1,1079.57
2009,104,11.3,21.29,9.99,1226.22
2009,105,0,20.34,6.8,987.65
2009,106,0,20.74,7.01,1002.04
2009,107,0,21.4,4.91,866.25
2009,108,0,23.5,4.4,836.06
2009,109,6.38,20.76,8.23,1088.97
2009,110,0,21.8,12.33,1432.57
2009,111,0,21.97,6.8,987.64
2009,112,0,20.85,5.56,906.43
2009,113,0,28.41,7.01,1001.79
2009,114,0,31.31,11.21,1330.52
2009,115,0,31.15,14.08,1606.16
2009,116,0,28.16,13.45,1541.41
2009,117,0,27,11.92,1394.33
2009,118,0,27.04,12.08,1409.55
2009,119,0,27.72,12.58,1455.91
2009,120,0,27.13,13.64,1560.68
2009,121,4.09,27.47,15.66,1778.56
2009,122,4.31,27.33,15.26,1733.21
2009,123,2.24,27.35,16.87,1920.8
2009,124,19.82,23.39,16.88,1921.52
2009,125,1.54,27.7,17.38,1983.59
2009,126,23.79,27.01,18.13,2079.9
2009,127,0,28.32,17.65,2017.85
2009,128,0,28.13,17.05,1942.89
2009,129,0,27.6,18.33,2106.63
2009,130,7.71,28.4,16.67,1896.13
2009,131,3.05,23.29,14.85,1688.18
2009,132,0,23.37,11.82,1385.04
2009,133,0,23.17,10.92,1304.75
2009,134,0,27.54,14.42,1641.71
2009,135,3.18,29.44,16.13,1831.89
2009,136,4.24,26.81,17.64,2016.41
2009,137,7.54,22.85,14.27,1625.96
2009,138,0,19.09,9.83,1213.82
2009,139,0,21.18,6.83,990.08
2009,140,0,24.67,11.55,1360.34
2009,141,0,23.56,15.31,1738.67
2009,142,1.04,24.23,17.19,1960.04
2009,143,2.26,25.58,17.9,2050.45
2009,144,3.6,27.03,18.3,2102.81
2009,145,2.36,27.43,18.42,2117.68
2009,146,2.19,27.92,18.17,2084.79
2009,147,0,27.38,18.67,2151.56
2009,148,0,29.47,18.07,2072.3
2009,149,0,28.75,18.07,2072.17
2009,150,0,29.57,15.09,1714.85
2009,151,0,32.89,16.33,1855.86
2009,152,0,32.24,16.01,1818.3
2009,153,0,32.97,16.59,1886.46
2009,154,0,31.74,18.05,2069.2
2009,155,32.13,24.87,19.09,2208.41
2009,156,3.09,28.12,18.99,2195.25
2009,157,0,27.47,18.6,2141.41
2009,158,0,29.09,17.24,1966.9
2009,159,0,31.34,16.54,1881.25
2009,160,0,32.38,18.45,2122.57
2009,161,0.24,32.08,20.02,2340.4
2009,162,0.29,32.77,19.66,2289.02
2009,163,7.23,32.73,20.84,2461.26
2009,164,0,30.55,20.23,2370.76
2009,165,0,31.35,20.37,2390.63
2009,166,0,32.89,19.02,2198.63
2009,167,0,33.78,20.08,2348.27
2009,168,13.72,32.44,20.81,2457.3
2009,169,0,33.9,18.71,2157.33
2009,170,0,34.97,20,2336.6
2009,171,0,35.98,22.44,2715.28
2009,172,0,35.58,23.51,2896.01
2009,173,0.54,34.04,22.64,2748.4
2009,174,0,33.58,20.94,2476.27
2009,175,0,34.34,20.41,2397.16
2009,176,0,34.94,20.51,2412.39
2009,177,0,35.76,20.51,2412.34
2009,178,0,36.15,22.21,2677.37
2009,179,0,36.15,22.39,2705.51
2009,180,0,34.14,21.9,2626.65
2009,181,0,33.66,16.23,1766.9
2009,182,0,35.78,18.84,2014.26
2009,183,0,33.3,18.27,1936.51
2009,184,0,31.92,17.62,1883.72
2009,185,0,32.88,16.91,1761.02
2009,186,7.11,28.98,19.05,2202.96
2009,187,0,32.67,20.59,2413.96
2009,188,4.39,29.64,21.54,2569.27
2009,189,15.75,29.2,20.73,2444.86
2009,190,0,29.48,19.09,2209.16
2009,191,0,29.92,18.94,2187.65
2009,192,0,31.17,17.92,2019.2
2009,193,10.92,33,19.72,2297.09
2009,194,0,31.28,20.84,2461.95
2009,195,0,32.68,20.37,2298.56
2009,196,0,33.61,19.02,2022.71
2009,197,0,33.48,21.56,2500.31
2009,198,10.99,32.94,22.31,2693.29
2009,199,0,29.75,17.75,2002.95
2009,200,0,28.94,14.4,1529.14
2010,63,0,11.57,-2.21,519.14
2010,64,0,12.73,-2.56,505.94
2010,65,0,15.18,-3.58,468.88
2010,66,0,16.72,-3.15,484.16
2010,67,0,22.55,1.27,669.46
2010,68,0.26,22.72,2.94,754.34
2010,69,24.91,13.7,6.39,960.52
2010,70,6.67,15.96,8.36,1098.96
2010,71,7.78,16.22,10.28,1250.2
2010,72,0.22,13.81,6.26,951.98
2010,73,0,12.62,4.33,831.81
2010,74,0,16.95,5.95,931.76
2010,75,0,17.92,3.15,765.6
2010,76,4.06,10.66,5.02,873.11
2010,77,0,19.14,7.09,1007.28
2010,78,0,22.93,5.13,879.94
2010,79,0,23.43,4.35,833.45
2010,80,5.06,16.19,6.74,983.59
2010,81,1.22,9.02,3.71,796.28
2010,82,0,18.69,1.63,687.08
2010,83,0,24.28,4.15,821.31
2010,84,1.23,19.53,6.65,977.93
2010,85,0,16.28,7.37,1027.1
2010,86,0,17.21,6.78,986.43
2010,87,1.39,22.89,8.57,1114.91
2010,88,0,17.22,7.63,1045.43
2010,89,0,21.76,4.54,844.12
2010,90,0,25.69,5.75,918.44
2010,91,0,29.52,7.94,1068.17
2010,92,0,29.5,8.6,1117.06
2010,93,0,27.43,10.87,1301
2010,94,0,29.02,12.06,1407.77
2010,95,0,31.1,13.09,1505.41
2010,96,0,30.89,13.04,1501.3
2010,97,0,27.76,13.21,1517.81
2010,98,20.93,20.49,12.98,1494.77
2010,99,0,20.67,7.41,1029.86
2010,100,0,22.67,4.88,864.75
2010,101,0,24.13,4.84,862.18
2010,102,0,26.65,6.63,975.98
2010,103,0,26.55,7.56,1040.85
2010,104,0,27.05,8.54,1112.58
2010,105,0,26.51,10.59,1276.38
2010,106,0,29.65,10.79,1294.24
2010,107,0,28.47,11.95,1396.93
2010,108,0,23.33,9.52,1188.29
2010,109,0,21.57,7.12,1009.47
2010,110,0.53,16.47,8.72,1125.81
2010,111,0,23.6,9.72,1204.85
2010,112,0,26.45,7.88,1063.89
2010,113,2.1,29.6,9.14,1158.16
2010,114,28.13,20.21,14,1597.88
2010,115,0,26.85,16.25,1846.82
2010,116,0,21.33,13.56,1552.97
2010,117,0.9,19.81,10.07,1233.28
2010,118,0,20.97,5.66,913.2
2010,119,0,23.78,5.64,911.67
2010,120,0,27.93,7.41,1007.81
2010,121,1.27,27.46,13.44,1540.98
2010,122,0,30.59,18.21,2090.97
2010,123,63.66,24.26,20.19,2364.47
2010,124,0,28.19,18.31,2103.89
2010,125,0,29.17,14.75,1676.7
2010,126,0,30.8,15.56,1766.77
2010,127,0,30.8,15.8,1742.7
2010,128,0,26.07,15.02,1706.4
2010,129,0,23.4,9.19,1161.91
2010,130,2.63,19.91,8.36,1098.64
2010,131,0,24.55,11.6,1365.45
2010,132,0,29.16,13.86,1518.78
2010,133,0,30.89,16.9,1872.88
2010,134,0,30.31,18.4,2101.06
2010,135,0,30.43,18.21,2056.38
2010,136,0.9,29.92,17.13,1888.66
2010,137,1.91,27.81,18.53,2132.1
2010,138,0,28.59,15.96,1752.91
2010,139,0,27.3,13.67,1487.4
2010,140,0,27.68,12.05,1299.6
2010,141,29.16,23.29,15.68,1780.13
2010,142,0,27.27,16.59,1886.86
2010,143,0,31.51,17.07,1859.01
2010,144,0,27.44,17.82,2040.05
2010,145,0,27.79,17.18,1958.65
2010,146,0,28.95,16.46,1851.84
2010,147,0,32.21,17.25,1868.04
2010,148,0.86,32.55,17.55,1901.17
2010,149,0,29.25,18.62,2144.22
2010,150,5.17,26.72,19.15,2217.48
2010,151,3.92,27.58,19.96,2331.81
2010,152,0,29.34,19.05,2203.74
2010,153,27.84,30.46,19.53,2269.83
2010,154,0,30.76,19.42,2254.02
2010,155,0,30.11,19.97,2332.98
2010,156,0,32.69,19.54,2271.39
2010,157,6.14,30.86,20.94,2477.14
2010,158,0,29.66,17.97,2059.51
2010,159,0,29.69,16.08,1826.79
2010,160,3.26,32.37,18.31,2104.15
2010,161,8.62,32.56,20.26,2375.37
2010,162,0,33.4,21.03,2441.67
2010,163,0,34.04,21.38,2479.87
2010,164,0,35.05,22.57,2679.53
2010,165,0,35.94,22.65,2657.5
2010,166,32.89,36.18,22.27,2687.15
2010,167,5.03,33.11,20.55,2418.3
2010,168,0,33.41,20.57,2421.4
2010,169,0,32.71,20.43,2399.46
2010,170,0,33.57,20.76,2449.65
2010,171,0,34.53,21.53,2567.82
2010,172,0,34.5,21.33,2537.22
2010,173,0,34.09,21.68,2591.78
2010,174,0,35.2,21.55,2570.38
2010,175,0,35.23,22.65,2748.86
2010,176,13.76,36.08,22.53,2729.38
2010,177,0,34.85,20.72,2443.27
2010,178,0,34.52,22.24,2681.82
2010,179,0,34.6,23.27,2854.7
2010,180,14.97,33.88,22.54,2731.5
2010,181,4.91,29.65,21.92,2629.91
2010,182,0,30.79,21.42,2551.13
2010,183,0,27.77,21.85,2618.48
2010,184,0,28.75,17.32,1975.73
2010,185,0,30.61,15.66,1778.78
2010,186,0,31.6,16,1817
2011,70,0,12.68,4.13,820.62
2011,71,0,22.62,0.61,638.36
2011,72,0,24.43,4.67,852.3
2011,73,5.02,23.87,8.21,1087.48
2011,74,18.82,13.52,7.94,1067.67
2011,75,0,18.02,6.85,991.23
2011,76,0,24.47,3.33,775.23
2011,77,0,27.89,7,1001.55
2011,78,0,29.29,11.41,1348.09
2011,79,0,17.16,12.89,1486.07
2011,80,0,25.45,12.59,1456.91
2011,81,0,28.43,11.77,1380.74
2011,82,0.01,25.66,13.32,1528.59
2011,83,0,21,8.95,1143.48
2011,84,0,19.49,2.58,735.44
2011,85,47,14.03,5.19,883.59
2011,86,27.68,9.14,6.49,966.83
2011,87,16.56,8.94,5.18,883.19
2011,88,6.68,13.93,4.68,852.88
2011,89,7.85,12.94,7.67,1048.65
2011,90,0.89,16.61,8.19,1085.92
2011,91,0,14.66,4.43,838.18
2011,92,0,20.69,4.8,860.08
2011,93,0,25.67,4.21,824.92
2011,94,19.96,28.85,6.65,977.4
2011,95,0,17.44,5.88,927.29
2011,96,0,21.51,1.8,695.19
2011,97,0,24.54,4.17,822.58
2011,98,0,26.85,9.79,1209.93
2011,99,0,29.57,15.98,1814.54
2011,100,0,30.67,15.38,1746.42
2011,101,1.95,27.64,15.08,1713.66
2011,102,0,22.58,11.83,1386.07
2011,103,0,25.34,7.59,1042.4
2011,104,0,25.54,7.3,1022.18
2011,105,10.04,23.27,10.3,1252.39
2011,106,0,20.5,10.56,1274.24
2011,107,0,23.29,5.59,908.28
2011,108,0,25.94,5.82,923.04
2011,109,0,29.87,10.58,1275.54
2011,110,0,26.86,13,1496.77
2011,111,23.63,28.21,14.98,1702.62
2011,112,2.18,18.15,12.66,1463.68
2011,113,0,24.14,11.01,1312.74
2011,114,0,29.19,11.89,1391.85
2011,115,0,28.54,15.81,1794.8
2011,116,0,28.45,17.02,1938.88
2011,117,13.67,28.87,17.57,2007.27
2011,118,0,24.43,14.03,1601.35
2011,119,0,24.6,9.15,1159.33
2011,120,0,26.84,8.12,1081.09
2011,121,0,26.71,10.01,1228.18
2011,122,0,26.78,13.14,1510.4
2011,123,2.74,28.95,12.28,1427.97
2011,124,0,20.05,7.83,1059.71
2011,125,0,20.22,3.16,766.25
2011,126,0,23.42,5.03,873.78
2011,127,0,26.04,7.54,1038.85
2011,128,0,28.88,9.72,1204.31
2011,129,0,30.32,14.43,1642.96
2011,130,0,32.61,15.89,1804.31
2011,131,0,32.84,16.62,1890.46
2011,132,0,32.26,16.77,1909.1
2011,133,0.45,31.61,16.66,1895.9
2011,134,0,26.92,16.33,1855.85
2011,135,0,22.48,13.06,1502.43
2011,136,0.57,18.56,10.8,1294.3
2011,137,0,19.81,8.68,1122.87
2011,138,0,22.23,6.94,997.45
2011,139,0,27,8.68,1122.82
2011,140,0,31.2,10.91,1304.28
2011,141,0,33.37,14.13,1611.67
2011,142,0,35.19,16,1817.37
2011,143,0,34.14,16.49,1875.05
2011,144,0,33.49,18.2,2089.18
2011,145,0,34.2,17.14,1954.53
2011,146,16.3,32.87,16.81,1913.63
2011,147,0,28.42,16.66,1895.37
2011,148,0,29.76,17.34,1978.28
2011,149,0,33.83,17.91,2050.7
2011,150,0,32.85,18.63,2146.24
2011,151,0,34.37,18.95,2189
2011,152,0,36.68,20.32,2384.13
2011,153,0,35.95,21.23,2520.81
2011,154,0,35.45,21.73,2600.31
2011,155,0,34.75,20.44,2401.86
2011,156,0,35.93,20.01,2338.09
2011,157,0,34.05,19.46,2260.1
2011,158,0,34.18,18.51,2130.68
2011,159,0,35.27,19.11,2139.61
2011,160,9.9,35.71,19.79,2307.44
2011,161,0,34.35,18.56,2100.02
2011,162,3.29,34.28,18.77,2165.17
2011,163,0,35.42,18.42,2057.73
2011,164,0,34.05,18.61,2114.84
2011,165,0,33.4,17.44,1895.28
2011,166,31.16,33.58,17.35,1980.66
2011,167,0,32.04,17.46,1993.95
2011,168,0,31.78,18.08,2073.92
2011,169,17.95,32.65,18.77,2165.22
2011,170,0,34.59,18.64,2147.63
2011,171,0,35.57,21.58,2575.75
2011,172,1.26,35.85,21.18,2514.05
2011,173,6.45,32.95,20.78,2453.08
2011,174,3.09,29.15,20.79,2454.05
2011,175,8.87,32.93,20.37,2390.79
2011,176,0,32.37,19.33,2242.26
2011,177,18.82,33.81,19.58,2276.79
2011,178,0,33.33,19.67,2231.06
2011,179,0,33.96,21.32,2492.92
2011,180,0,33.08,20.94,2425.23
2011,181,0,32.93,20.41,2319.81
2011,182,0,34.97,20.52,2241.97
2011,183,0,35.71,20.37,2187.29
2011,184,0,34.33,20.63,2295
2011,185,9.4,33.66,20.98,2483.11
2011,186,0,33.2,19.86,2151.37
2011,187,16.59,32.55,20.06,2345.86
2011,188,0,34.14,20.38,2276.12
2011,189,0,34.55,21.55,2484.27
2011,190,3.47,34.45,21.99,2641.03
2011,191,0,32.78,21.88,2623.81
2011,192,0,34.5,22.58,2703.51
2011,193,0,36.49,23.22,2733.9
2011,194,1.38,36.39,23.43,2783.8
2011,195,4.62,31.56,23,2807.97
2011,196,0.63,25.83,20.62,2428.21
2011,197,0,29.83,19.07,2189.51
2011,198,0,31.15,19,2111.09
2011,199,9.6,33.11,18.84,2174.48
2011,200,0,35.67,19.96,2147.69
2011,201,8.11,35.6,22.31,2692.44
2011,202,0,34.51,21.81,2462.52
2011,203,0,35.64,21.97,2432.78
2011,204,0,35.3,22.85,2642.44
2011,205,0,34.72,22.85,2676.62
2011,206,3.44,33.11,23.14,2832.28
2012,82,0,24.97,14.4,1639.72
2012,83,0,24.39,16.14,1833.06
2012,84,0,25.19,14.63,1664.31
2012,85,0,24.12,9.9,1219.15
2012,86,0,28.12,10.03,1230.01
2012,87,0,23.97,11.1,1320.94
2012,88,0,27.37,11.83,1385.87
2012,89,0,28.1,13.42,1538.76
2012,90,5.52,27.52,12.71,1468.33
2012,91,0,24.66,15.03,1708.05
2012,92,0,28.75,12.08,1391.3
2012,93,0,30.35,14.22,1605.6
2012,94,7.57,29.15,15.64,1775.7
2012,95,0,28.54,14.26,1624.65
2012,96,0,25.75,14.53,1653.5
2012,97,0,18.41,10,1227.09
2012,98,0,22.39,5.98,933.65
2012,99,0,25.87,7.87,1041.42
2012,100,0,26.03,8.79,1109.25
2012,101,0,25.94,8.67,1094.68
2012,102,0,19.78,6.62,975.51
2012,103,0,19.02,1.99,705.18
2012,104,0,22.87,2.02,679.22
2012,105,0,24.81,4.51,803.39
2012,106,0,27.31,9.48,1137.8
2012,107,0,26.37,12.71,1468.46
2012,108,7.63,28.9,13.74,1570.95
2012,109,9.96,17.86,13.43,1539.59
2012,110,0,19.7,12.1,1411.39
2012,111,0,20.79,13.12,1508.36
2012,112,7.29,25.53,13.12,1508.81
2012,113,0,20.98,10.7,1286.28
2012,114,0,15.76,5.2,884.14
2012,115,0,19.62,3.65,716.26
2012,116,0,27.7,5.98,755.17
2012,117,0,28.52,11.94,1166.18
2012,118,0,28.78,17.4,1855.97
2012,119,0,29.63,15.66,1550.1
2012,120,0,31.04,15.27,1447.72
2012,121,0,32.49,15.28,1410.04
2012,122,0,31.5,16.73,1622.88
2012,123,0,31.58,16.21,1518.85
2012,124,0,30.44,16.22,1562.04
2012,125,1.1,29.74,17.65,1805.95
2012,126,0,32.88,17.97,1711.14
2012,127,0,30.53,16.77,1637.8
2012,128,10.76,26.08,17.27,1969.56
2012,129,0,28.56,18.29,2028.48
2012,130,6.37,23.91,14.69,1670.32
2012,131,0,24.41,10.12,1103.99
2012,132,0,26.39,9.99,1047.11
2012,133,2.59,23.83,12.55,1453.56
2012,134,21.18,19.98,15.44,1752.9
2012,135,1.62,27.48,17.21,1954.28
2012,136,0,28.58,15.66,1661.45
2012,137,0,29.08,15.67,1641.04
2012,138,1.04,26.78,15.64,1717.27
2012,139,0,26.05,14.52,1595.18
2012,140,0,27.66,14.56,1504.47
2012,141,0,28.41,13.2,1296.26
2012,142,6.26,30.35,13.75,1490.11
2012,143,3.79,28.31,15.07,1712.66
2012,144,0,29.58,13.35,1326.37
2012,145,0,32,14.87,1435.21
2012,146,0,33.73,16.83,1564.29
2012,147,0,34.08,18.1,1721.55
2012,148,0,31.97,19.76,2068.11
2012,149,3.23,30.72,19.97,2332.75
2012,150,11.09,27.34,19.6,2279.65
2012,151,0,32.47,18.89,1905.67
2012,152,6.97,34.05,16.69,1771.07
2012,153,0,28.16,16.74,1641
2012,154,0,25.81,12.39,1155.54
2012,155,5.66,29.27,11.67,1180.49
2012,156,2.02,28.2,15.79,1709.36
2012,157,1.59,22.98,17.34,1979.38
2012,158,0,26.41,15.74,1595.58
2012,159,0,28.37,15.35,1433.99
2012,160,0,29.6,14.86,1318.24
2012,161,1.02,30.47,16.04,1429.89
2012,162,45.68,24.73,17.56,2006.95
2012,163,13.05,26.14,18.93,2186.38
2012,164,0,30.97,19.89,2265.12
2012,165,0,31.68,18.32,1953.61
2012,166,0,28.38,19.37,2248.06
2012,167,0,28.04,19,2196.53
2012,168,0,27.92,15.41,1618.81
2012,169,0,29.43,14.33,1435.67
2012,170,0,30.52,15.35,1528.88
2012,171,0,31.29,16.61,1668.98
2012,172,0,31.88,17.18,1728.1
2012,173,0,31.6,17.97,1855.24
2012,174,0,33.85,18.16,1803.24
2012,175,0,34.8,18.78,1863.94
2012,176,0,33.86,20.74,2223.65
2012,177,0,33.49,20.05,2111.76
2012,178,0,31.58,20.14,2225.2
2012,179,0,32.05,14.38,1379.42
2012,180,0,37.29,15.1,1376.51
2012,181,0,41.7,20.09,1873.08
2012,182,0,41.54,21.39,2069.67
2012,183,7.29,41.6,22.22,2527.15
2012,184,0,34.42,21.13,2332.41
2012,185,11.19,36.33,21.11,2466.25
2012,186,0,36.46,19.86,2043.35
2012,187,0,37.75,21.14,2226.56
2012,188,0.19,36.11,21.75,2414.62
2012,189,0,35.43,21.35,2369.76
2012,190,0,35.78,21.65,2413.86
2012,191,18.16,35.84,22.8,2773.71
2012,192,20.22,34.89,21.05,2494.05
2012,193,7.84,31.38,20.61,2427.29
2012,194,10.04,29.6,20.47,2405.68
2012,195,3.55,30.15,21.19,2514.51
2012,196,14.48,32.05,21.73,2599.75
2012,197,0,32.1,21.09,2500.09
2012,198,1.58,33.67,21.12,2503.82
2012,199,0,33.36,21.2,2516.37
2012,200,9.49,32.91,21.01,2487.65
2012,201,0,32.86,20.74,2445.76
2012,202,1.96,29.94,22.26,2685.45
2012,203,15.51,29.41,21.36,2540.65
2012,204,0,33.69,20.96,2479.21
2012,205,0,34.9,21.51,2564.76
2012,206,0,34.49,22.49,2722.53
2012,207,0,33.94,23.39,2875.82
2012,208,0,35.31,23.62,2916.08
2012,209,5.67,34.79,23.4,2876.58
2012,210,0,35.65,22.66,2751.69
2012,211,0,34.26,22.26,2684.21
2012,212,0,33.81,20.9,2471.18
2013,66,0,16.05,-2.87,494.25
2013,67,0,17.3,-1.74,537.44
2013,68,0,17.86,0.68,641.48
2013,69,0,20.79,4.11,819.03
2013,70,20.45,19.07,8.68,1122.72
2013,71,0,17.51,5.4,896.52
2013,72,0,13.73,1.77,693.99
2013,73,0,13.29,-2.44,510.54
2013,74,0,22.81,0.19,619.14
2013,75,0,25.24,6.19,946.95
2013,76,0,22.5,10.63,1280.2
2013,77,9.89,13.97,7.73,1052.85
2013,78,0,19.41,6.53,969.34
2013,79,0,14.91,4.31,831.02
2013,80,0,9.96,0.13,616.7
2013,81,1.71,9.77,0.52,634.31
2013,82,50.99,10.99,3.48,783.47
2013,83,5.66,8.59,5.26,887.86
2013,84,0,7.34,1.85,697.78
2013,85,0,7.84,-0.72,579.44
2013,86,0,13.52,-2.28,516.47
2013,87,0,17.56,-1.48,548.11
2013,88,0,19.2,-0.28,598.52
2013,89,3.98,22.71,4.94,868.61
2013,90,14.79,20.92,10.88,1301.62
2013,91,0,22.91,12.2,1420.14
2013,92,0,21.26,6.97,999.2
2013,93,2.41,15.74,6.75,984.67
2013,94,11.14,8.71,4.57,846.33
2013,95,0,18.75,2.63,737.65
2013,96,0,22.15,3.34,775.8
2013,97,0,24.05,4.69,853.22
2013,98,0,26.11,9.1,1154.94
2013,99,0,27.97,12.05,1406.4
2013,100,0,28.9,12.76,1473.36
2013,101,17.41,26.95,14.2,1618.48
2013,102,0,22.81,13.22,1518.52
2013,103,0,25.62,7.2,1015.22
2013,104,2.13,17.49,7.68,1049.42
2013,105,0,24.5,11.16,1326.12
2013,106,0,27.38,14.02,1600.28
2013,107,0,29.05,15.51,1761.03
2013,108,0,27.49,14.21,1619.73
2013,109,17.45,21.87,10.15,1239.69
2013,110,0,19.19,2.83,748.26
2013,111,0,20.2,3.72,797
2013,112,0,19.83,6.86,991.8
2013,113,0,23.4,5.25,887.46
2013,114,0.7,24.69,8.41,1102.39
2013,115,0,23.98,10.14,1239.12
2013,116,0.25,24.53,5.39,896.14
2013,117,4.66,19.53,8.54,1112.34
2013,118,22.77,17,12.04,1405.37
2013,119,0,22.02,12.43,1441.65
2013,120,0,25.82,11.12,1322.8
2013,121,0,21.08,13.61,1557.91
2013,122,0,20.46,14.59,1660.13
2013,123,3.86,18,14.21,1619.79
2013,124,51.23,14.59,9.92,1220.85
2013,125,24.54,19.43,10.44,1264.38
2013,126,2.34,16.05,7.42,1030.58
2013,127,0,20.58,8.46,1106.43
2013,128,0,25.2,10.27,1249.86
2013,129,0,28.02,11.82,1385.42
2013,130,0,26.97,13.35,1531.74
2013,131,8.13,25.53,14.02,1599.55
2013,132,0,22.39,11.1,1320.68
2013,133,0,21.9,6.37,959.1
2013,134,0,25.26,5.58,908.2
2013,135,0,30.52,10.87,1300.57
2013,136,0,28.21,15.87,1801.76
2013,137,1.85,28.37,13.9,1587.15
2013,138,1.89,25.02,16.75,1906.36
2013,139,1.73,23.54,17.97,2058.4
2013,140,0,29.64,17.47,1994.87
2013,141,2.12,31.49,17.7,2024.58
2013,142,5.9,30,16.46,1871.93
2013,143,0,28.93,17.58,2008.52
2013,144,0,25.37,14,1597.76
2013,145,0,25.62,8.1,1079.74
2013,146,0,27.86,9.87,1216.44
2013,147,0,29.72,12.17,1417.64
2013,148,0,29.48,15.53,1763.87
2013,149,0,29.1,14.54,1654.12
2013,150,0,29.28,16.38,1861.6
2013,151,0,30.51,18.22,2091.16
2013,152,0,30.73,18.2,2089.12
2013,153,16.01,28.67,18.79,2167.37
2013,154,3.77,29.73,18.94,2188.74
2013,155,0,30.39,18.73,2158.94
2013,156,71.99,28.62,19.79,2307.24
2013,157,13.36,24.61,19.18,2220.42
2013,158,9.98,29.48,19.37,2246.94
2013,159,0,28.34,18.76,2163.29
2013,160,17.15,29.87,19.4,2252.06
2013,161,27.85,25.3,19.44,2256.95
2013,162,0,32.09,20.43,2400.28
2013,163,0,34.53,21.08,2497.4
2013,164,5.61,33.66,21.23,2520.9
2013,165,0,29.79,18.91,2183.79
2013,166,0,30.02,16.08,1826.47
2013,167,8.08,30.46,17.1,1949.17
2013,168,35.43,30.15,19.13,2214.16
2013,169,28.83,29.46,19.95,2330.4
2013,170,0,27.24,20.38,2392.54
2013,171,0,28.78,18.26,2097.08
2013,172,0,28.67,17.61,2012.33
2013,173,0,29.24,16.88,1922.12
2013,174,0.41,30.32,17.96,2057.53
2013,175,0,30.76,19.25,2231.34
2013,176,2.81,31.36,19.7,2294.72
2013,177,4.6,31.66,20.66,2433.85
2013,178,0,31.5,22.34,2697.7
2013,179,0,33.36,21.7,2594.07
2013,180,6.46,30.79,21.37,2543.07
2013,181,4.37,28.22,20.8,2456.22
2013,182,1.31,28.33,20.57,2420.3
2013,183,0,29.35,21.05,2493.47
2013,184,27.48,26.99,20.06,2345.64
2013,185,35.95,27.97,19.59,2279.1
2013,186,27.12,28.52,20.19,2365.18
2013,187,27.8,30.08,20.47,2405.69
2013,188,5.5,29.01,21.13,2505.32
2013,189,3.64,30.27,20.35,2388.53
2013,190,63.34,30.25,20.8,2456.09
2013,191,26.31,30.55,21.17,2511.98
2013,192,0,27.05,21.08,2498.8
2013,193,4.49,29.58,20.06,2345.61
2013,194,4.32,25.27,20.12,2354.22
2013,195,4.53,27.18,20.83,2459.28
2013,196,1.2,29.54,20.73,2445.22
2013,197,0,30.95,20.5,2410.57
2013,198,43.87,32.59,20.17,2361.69
2013,199,0,30.86,19.78,2305.94
2013,200,0,31.78,20.77,2451.43
2013,201,7.25,30.01,21.84,2617.67
2013,202,8.21,31.1,21.31,2534.14
2013,203,8.72,30.3,21.36,2540.83
2013,204,0.63,29.77,20.98,2483.41
2013,205,0,30.99,21.12,2504.26
2013,206,0,31.52,20.1,2351.96
2013,207,6.81,29.99,20.11,2352.83
2013,208,0,28.61,20.14,2358.2
2013,209,5.4,30.42,19.35,2245.35
2013,210,0,30.36,19.34,2243.32
2013,211,0.4,31.61,16.75,1905.8
2013,212,4.13,25.79,19.76,2303.24
2013,213,0,30.62,21.99,2641.34
2013,214,0,31.92,20.12,2353.86
2013,215,0,30.78,20.03,2341.33
2013,216,0,32.02,21.61,2581.14
2015,84,0.4,20.88,11.18,1327.77
2015,85,0,23.25,13.73,1569.88
2015,86,0,17.26,6.98,1000.13
2015,87,0,12.55,1.05,658.86
2015,88,2.84,15.56,-3.06,487.58
2015,89,3.41,21.44,5.3,890.11
2015,90,0.82,25.51,4.6,847.75
2015,91,0,27.95,11.39,1346.4
2015,92,4.94,21.77,13.7,1566.99
2015,93,6.84,28.32,12.83,1480.05
2015,94,0,22.31,10.92,1305.47
2015,95,0,20.2,6.37,958.94
2015,96,16.88,19.88,10.85,1299.05
2015,97,0,26.71,14.46,1645.7
2015,98,0,30.22,15.17,1722.92
2015,99,0,30.07,16.43,1868.29
2015,100,12.01,25,17.27,1970.13
2015,101,0,27.25,13.06,1503.33
2015,102,1.34,21.58,12.12,1413.19
2015,103,44.34,22.61,15.68,1780.64
2015,104,4.2,27.65,18.95,2189.05
2015,105,30.33,20.36,13.34,1530.4
2015,106,0.61,14.27,10.29,1251.26
2015,107,19.81,18,11.12,1322.94
2015,108,6.63,23.09,15.53,1763.01
2015,109,31.42,20.81,16.66,1895.73
2015,110,1.85,23.73,15.04,1708.77
2015,111,0,22.37,8.72,1125.9
2015,112,0,25.67,5.99,933.98
2015,113,0,22.15,10.97,1309.48
2015,114,4.75,23.78,5.21,884.84
2015,115,10.28,25.33,11.94,1396.22
2015,116,0,27.78,14.49,1649.4
2015,117,0,22.51,11.03,1314.4
2015,118,8.56,22.7,9.68,1201.07
2015,119,10.27,17.27,10.98,1309.89
2015,120,0,23.53,10.14,1239.04
2015,121,0,22.71,8.22,1088.33
2015,122,0,24.73,7.2,1015.45
2015,123,0,26.07,8.72,1126.03
2015,124,0,27.01,10.93,1305.86
2015,125,0,27.36,11.34,1342.39
2015,126,0,27.77,10.95,1308.04
2015,127,0,28.51,11.64,1368.74
2015,128,0,30.17,14.23,1621.54
2015,129,0,29.38,16.14,1833.96
2015,130,0,31.35,15.74,1787.31
2015,131,0,32.23,17.02,1938.87
2015,132,0,30.55,17.69,2022.51
2015,133,0,30.31,16.26,1847.62
2015,134,0,28.11,13.65,1561.33
2015,135,0,27.53,16.58,1886
2015,136,0,29.66,16.31,1854.12
2015,137,0,30.24,16.63,1891.23
2015,138,4.28,30.34,18.32,2104.46
2015,139,0,31.61,18.08,2072.92
2015,140,2.08,32.34,17.65,2017.88
2015,141,0,28.27,15.89,1804.26
2015,142,0,25.67,10.22,1245.18
2015,143,0,28.2,11.06,1316.96
2015,144,0,29.06,12.8,1477.45
2015,145,2.09,29.26,14.31,1630.48
2015,146,18.58,28.94,17.4,1986.81
2015,147,0,28.29,18.52,2130.75
2015,148,6.26,28.6,18.2,2089.47
2015,149,0,29.3,17.58,2009.2
2015,150,0,29.99,16.66,1894.8
2015,151,13.33,30.16,17.72,2027.38
2015,152,5.13,29.73,18.48,2125.41
2015,153,29.92,29.8,17.72,2027
2015,154,12.14,27.11,16.2,1840.37
2015,155,0,26.19,16.4,1864.26
2015,156,0,30.46,16.22,1842.75
2015,157,0,31.78,18.02,2065.11
2015,158,0,31.95,18.31,2103.77
2015,159,0.37,31.11,20.34,2386.18
2015,160,9.42,30.1,20.13,2356.55
2015,161,0,27.88,19.43,2255.94
2015,162,1.29,30.11,18.99,2194.34
2015,163,0,30.41,19.71,2295.42
2015,164,0,32.73,19.61,2280.97
2015,165,0,34.05,20.43,2400.73
2015,166,0,35.35,20.76,2449.83
2015,167,0,35.46,21.35,2540.14
2015,168,0,35.8,22.54,2730.32
2015,169,3.8,35.75,21.72,2598.13
2015,170,0,34.39,20.71,2442.57
2015,171,5.96,32.55,22.46,2717.37
2015,172,0,34.36,22.05,2651.42
2015,173,0,35.98,22.43,2712.7
2015,174,0,35.67,22.68,2753.66
2015,175,0,35.37,23.08,2822.05
2015,176,0,36.15,21.2,2516.84
2015,177,0,35.33,22.96,2802.19
2015,178,6.06,32.3,22.31,2693.07
2015,179,0,29.72,18.28,2099.69
2015,180,0,31.25,14.84,1686.54
2015,181,18.02,31.56,18.94,2187.62
2015,182,8.6,29.77,19.56,2274.06
2015,183,27.39,30.69,19.73,2299
2015,184,35.08,27.41,20.41,2397.43
2015,185,4.01,29.31,20.08,2348.94
2015,186,0,29.48,20.68,2437.98
2015,187,0,30.2,19.93,2326.42
2015,188,0,32.44,20.54,2416.14
2015,189,0,33.85,20.89,2468.72
2015,190,0,34.44,21.49,2561.68
2015,191,0,35.26,21.62,2581.76
2015,192,0,34.76,22.18,2671.33
2015,193,8.04,33.93,21.53,2567.5
2015,194,0,34.4,21,2485.63
2015,195,23.11,32.68,21.49,2561.02
2015,196,0,32.91,20.56,2418.89
2015,197,0,33.05,20.9,2471.33
2015,198,0,33.89,21.31,2534.13
2015,199,0,34.56,21.37,2542.51
2015,200,0,34.83,21.96,2636.6
2015,201,3.4,35.33,22.48,2720.63
2015,202,6.94,35.57,22.6,2740.48
2015,203,0,34.76,21.93,2630.8
2015,204,1.43,32.91,22.54,2730.98
2015,205,0,33.45,22.73,2762.96
2015,206,0,32.8,22.04,2648.46
2015,207,0,34.05,20.32,2383.33
2015,208,0,35.75,20.49,2409.62
2015,209,0,36.37,22.02,2645.24
2016,65,0,17.11,1.18,665.3
2016,66,0,18.3,2.83,748.19
2016,67,0,20.58,1.75,693.17
2016,68,0,23.36,4.33,831.96
2016,69,0,25.1,8.95,1143.88
2016,70,0,25.88,11.57,1362.29
2016,71,0,26.2,13.94,1591.96
2016,72,2.57,27.23,13.22,1518.35
2016,73,1.04,26.31,15.41,1749.72
2016,74,0,25.47,12.01,1402.44
2016,75,0,28.85,11.47,1353.25
2016,76,0,28.3,13.04,1500.82
2016,77,0,26.41,8.91,1140.9
2016,78,0,25.27,8.6,1116.91
2016,79,1.13,23.98,11.46,1352.4
2016,80,0,15.44,6.35,957.28
2016,81,0,14.81,1.67,689.03
2016,82,0,20.44,0.5,633.44
2016,83,0,23.35,3.07,761.03
2016,84,3.84,24.86,6.59,973.35
2016,85,0,21.93,12.05,1406.66
2016,86,6.07,17.44,12.95,1492.23
2016,87,4.76,17.97,14.57,1657.46
2016,88,0,23.79,12.02,1403.4
2016,89,0,21.25,4.71,854.21
2016,90,0,22.49,5.69,915.11
2016,91,26.37,23.36,12.71,1468.93
2016,92,8.16,21.3,15.54,1764.09
2016,93,0,18.99,11.16,1325.89
2016,94,0,21.75,7.81,1058.34
2016,95,0,25.15,4.27,828.53
2016,96,0,22.2,7.6,1043.21
2016,97,9.03,18.43,3.39,778.5
2016,98,1.27,21.6,7.04,1003.86
2016,99,0,17.58,9,1147.35
2016,100,0,16.86,4.38,835.12
2016,101,0,15.9,0.77,645.75
2016,102,7.57,22.51,3.61,790.86
2016,103,0,24.43,11.59,1364.71
2016,104,0.47,19.35,12.04,1405.87
2016,105,0,20.57,11.5,1356.65
2016,106,0,19.84,9.19,1162.61
2016,107,0,21.86,9.71,1203.4
2016,108,0,23.81,5.38,895.21
2016,109,0,27.78,6.03,936.34
2016,110,0,29.06,7.88,1063.74
2016,111,0,28.81,12.71,1468.65
2016,112,0.85,26.22,11.27,1336
2016,113,1.94,22.64,13.65,1561.34
2016,114,0,25.93,12.03,1404.51
2016,115,0,26.75,10.17,1207.06
2016,116,0,27.93,12.22,1394.3
2016,117,0,29.37,14.38,1611.68
2016,118,0,29.68,14.24,1585.66
2016,119,0,30.2,16.86,1919.28
2016,120,0,31.97,14.47,1558.57
2016,121,14.53,30.6,15.38,1747.04
2016,122,0.52,28.52,17.98,2060.64
2016,123,5.85,29.78,19.07,2206.38
2016,124,0,26.96,16.57,1884.96
2016,125,0,22.6,11.11,1321.49
2016,126,2.76,18.88,8.33,1096.56
2016,127,0,22.33,6.35,909.77
2016,128,0,27.54,7.66,935.8
2016,129,0,30.98,13.05,1353.77
2016,130,0,29.85,13.87,1470.63
2016,131,0,29.92,14.72,1569.11
2016,132,0,31.24,16.06,1702.37
2016,133,0,31.7,17.76,1937.61
2016,134,0,28.36,16.65,1893.75
2016,135,0,28.72,11.67,1254.26
2016,136,0,24.34,9.12,1102.81
2016,137,2.4,25.77,8.05,1075.58
2016,138,7.27,21.43,14.01,1598.29
2016,139,0,26.92,17.72,2026.65
2016,140,23.87,22.12,16.89,1923.36
2016,141,1.39,19.02,15.44,1753.87
2016,142,0,27.08,15.49,1759.29
2016,143,0,26.89,13.24,1493.83
2016,144,0,28.13,11.17,1132.82
2016,145,0,29.59,12.23,1156.24
2016,146,0,30.85,13.68,1262.81
2016,147,0,31.1,16.75,1620.88
2016,148,0,29.37,18.14,1914.79
2016,149,0,30.23,14.84,1400.75
2016,150,0,27.15,17.11,1855
2016,151,0,33.51,16.17,1457.73
2016,152,0,33.39,18.14,1662.86
2016,153,9.82,34.05,19.14,2055.91
2016,154,8.77,32.12,18.62,2013.28
2016,155,0,33.71,18.51,1730.54
2016,156,0.83,33.27,20.85,2155.78
2016,157,7.73,29.62,21.27,2527.54
2016,158,4.74,26.6,21.62,2581.91
2016,159,0,32.6,19.94,2064.06
2016,160,0,30.77,14.76,1385.44
2016,161,0,31.15,14.54,1351.17
2016,162,0,33.61,16.08,1464.63
2016,163,0,35.08,18.3,1692.79
2016,164,0,34.74,21.58,2241.64
2016,165,0,36.12,21.16,2089.77
2016,166,8.56,35.46,21.29,2431.8
2016,167,0,32.98,21.55,2381.07
2016,168,0,35.52,21.88,2309.32
2016,169,2.24,35.88,22.44,2696.72
2016,170,0,27.4,20.36,2389.29
2016,171,0,29.45,17.44,1844.45
2016,172,0,30.56,14.41,1391.66
2016,173,0,34.49,16.42,1528.56
2016,174,0,35.12,21.02,2198.56
2016,175,0,35.72,21.38,2209.17
2016,176,0,36.53,23.3,2550.85
2016,177,0,37.77,21.47,2088.68
2016,178,0,34.21,23.32,2649.9
2016,179,65.32,35.28,21.43,2453.77
2016,180,11.87,30.52,20.98,2482.19
2016,181,0.87,34.02,20.11,2343.19
2016,182,6.46,33.52,20.54,2415.93
2016,183,0,33.44,21.35,2507.96
2016,184,0,35.17,20.45,2259.06
2016,185,0,36.05,21.28,2376.49
2016,186,0,35.34,23.29,2834.54
2016,187,1.97,32.85,22.9,2790.7
2016,188,3.58,31.99,22,2642.35
2016,189,0,33.74,21.57,2530.89
2016,190,3.28,35.81,22.95,2800.41
2016,191,0,34.79,22.66,2718.43
2016,192,0,34.16,22,2601.09
2016,193,0,33.69,20.98,2376.41
2017,60,10.18,25.27,12.29,1428.99
2017,61,0,16.2,4.64,850.14
2017,62,0,15.97,0.46,631.5
2017,63,0,17.03,-1.99,527.74
2017,64,0,19.84,0.05,613
2017,65,0,20.98,7.97,1070.4
2017,66,6.46,22.61,10.09,1235.13
2017,67,0,22.31,9.69,1201.8
2017,68,5.4,24.36,3.06,760.78
2017,69,0,22.56,7.18,1013.65
2017,70,7.51,15.95,1.1,661.47
2017,71,2.23,7.09,0.73,644.12
2017,72,5.37,4.6,-0.8,575.98
2017,73,0,9.74,-0.38,593.91
2017,74,0,6.97,-2.99,489.95
2017,75,0,13.27,-4.83,426.71
2017,76,0,18.26,-2.35,513.81
2017,77,3.78,21.3,7.51,1036.94
2017,78,0,18.65,4.18,823.18
2017,79,0,23.76,2.47,729.41
2017,80,41.13,30.42,9.35,1174.69
2017,81,0,22.13,12.44,1442.96
2017,82,0,17.63,7.79,1056.73
2017,83,0,23.12,9.4,1178.66
2017,84,1.2,23.97,10.81,1295.41
2017,85,0,26.55,13.35,1531.84
2017,86,2.14,25.8,14.22,1620.98
2017,87,0,27.21,14.95,1699.1
2017,88,0,28.58,11.9,1392.91
2017,89,4.4,27.11,13.72,1568.92
2017,90,0,23.49,14.07,1604.79
2017,91,0,26.6,9.29,1170.11
2017,92,0,26.73,10.63,1280.48
2017,93,16.28,20.78,13.83,1579.99
2017,94,0,27.34,14.89,1692.49
2017,95,93.08,18.58,13.46,1542.75
2017,96,0,16.92,6.95,997.67
2017,97,0,17.48,5.91,928.8
2017,98,0,21.41,2.86,749.94
2017,99,0,24.75,2.92,753.49
2017,100,0,25.9,5.47,900.82
2017,101,0,26.81,9.67,1200.84
2017,102,0,26.98,11.8,1383.71
2017,103,0,28.19,11.75,1378.87
2017,104,0,28.28,13.71,1568.01
2017,105,0,27.22,12.51,1449.42
2017,106,0,27.35,13.85,1582.68
2017,107,0,28.35,12.52,1450.55
2017,108,1.64,25.78,13.94,1592.03
2017,109,0.38,23.6,15.17,1723.08
2017,110,0,28.49,14.93,1696.52
2017,111,0,29.78,14.71,1672.71
2017,112,5.04,28.76,15.56,1767.16
2017,113,50.88,19.36,12.8,1477.58
2017,114,0,17.65,10.48,1267.77
2017,115,0,25.96,11.02,1313.71
2017,116,0,28.08,11.78,1381.28
2017,117,0,25.88,13.36,1532.59
2017,118,0,29.24,17.11,1949.92
2017,119,0,30.17,17.95,2055.88
2017,120,0,29.28,19.43,2256.06
2017,121,1.09,24.72,15.49,1759.15
2017,122,0,26.23,10.02,1228.77
2017,123,0,28.85,9.75,1206.63
2017,124,16.42,20.79,13.64,1560.51
2017,125,0.29,15.48,9.53,1188.9
2017,126,1.93,22.58,7.78,1055.97
2017,127,0,21.69,8.02,1073.69
2017,128,0,26.51,7.59,1042.85
2017,129,0,30.04,11.44,1350.52
2017,130,0,31.11,14.54,1654.29
2017,131,0,31.3,16.73,1903.48
2017,132,5.72,28.81,17.09,1947.51
2017,133,0,24.06,16.23,1844.28
2017,134,0,28.57,13.52,1548.23
2017,135,0,31.88,13.01,1498.25
2017,136,0,32.52,14.93,1696.23
2017,137,0,31.66,16.95,1930.28
2017,138,0,30.72,19.37,2246.94
2017,139,0,31.98,18.89,2181.05
2017,140,51.57,31.82,17.65,2017.36
2017,141,15.43,26.98,18.57,2137.59
2017,142,21.99,27.01,18.82,2171.66
2017,143,12.64,22.5,18.35,2108.43
2017,144,11.65,24.66,15.68,1780.56
2017,145,0,23.09,13.52,1548.36
2017,146,0,28.45,11.76,1380.14
2017,147,0,30.28,15.54,1764.42
2017,148,2.08,30.56,18.32,2105.11
2017,149,5.34,29.8,18.9,2182.55
2017,150,5.2,25.82,19.26,2231.61
2017,151,0,29.3,18.67,2151.48
2017,152,0,30.16,18.14,2080.72
2017,153,0,31.23,18.03,2066.18
2017,154,0,31.7,17.59,2010.53
2017,155,8.77,28,19.92,2325.82
2017,156,7.04,27.68,20.38,2393.42
2017,157,0.09,27.16,19.77,2303.65
2017,158,0,26.34,17.76,2031.7
2017,159,0,27.21,15.42,1751.37
2017,160,0,29.77,15.93,1808.8
2017,161,0,30.08,16.81,1913.58
2017,162,0,30.42,16.44,1869.43
2017,163,0,29.99,18.93,2186.99
2017,164,0,31.6,18.95,2189.18
2017,165,0,32.7,19.75,2301.54
2017,166,16.96,32.41,20.38,2392.93
2017,167,0,30.25,19.71,2295.77
2017,168,0,31.86,19.34,2242.94
2017,169,4,30.64,20.23,2370.38
2017,170,30.02,30.86,19.97,2332.21
2017,171,52.59,23.82,21.03,2489.74
2017,172,2.09,27.62,20.67,2435.33
2017,173,15.39,28.61,20.76,2450
2017,174,0.39,31.34,21.37,2542.75
2017,175,32.78,29.14,21.11,2502.82
2017,176,0,28.49,19.47,2262.02
2017,177,0,29.12,16.46,1871.69
2017,178,0,29.64,16.74,1905.07
2017,179,0,29.75,15.77,1790.88
2017,180,44.87,28.46,18.31,2103.02
2017,181,13.19,27.04,20.29,2379.3
2017,182,11.67,31.18,20.8,2455.21
2017,183,29.51,31.2,20.02,2339.64
2017,184,3.54,30.43,20.56,2419.69
2017,185,1.34,32.57,19.82,2311.2
2017,186,0,33.15,20.56,2419.58
2017,187,0,33.05,20.89,2469.72
2017,188,2.43,31.79,21,2485.14
2017,189,6.82,32.23,20.8,2455.54
2017,190,0,31.16,19.65,2286.68
2017,191,0,31.67,20.44,2402.19
2017,192,0,31.76,20.59,2423.48
2017,193,0,32.54,20.58,2422.06
2017,194,0,33.5,22.16,2668.47
2017,195,0,33.62,22.07,2653.28
2017,196,4.39,32.75,21.58,2575.7
2017,197,0,29.86,21.66,2589.18
2017,198,0,31.34,21.31,2534.25
2017,199,0,32.5,21.55,2570.82
2017,200,0,33.64,21.09,2499.84
2017,201,0,35.19,21.24,2522.88
2017,202,0,35.58,21.33,2536.67
2017,203,0,34.59,21.67,2589.31
2017,204,3.86,34.65,22.26,2685.69
2017,205,0,32.65,21.86,2619.89
2017,206,0,32.39,21.74,2600.79
2017,207,0,32.97,21.64,2585.93
2018,60,3.84,23.44,9.88,1217.53
2018,61,0,17.49,5.97,932.97
2018,62,0,19.76,1.61,686.18
2018,63,0,18.46,-0.46,590.54
2018,64,0.58,17.41,1.09,660.64
2018,65,17.83,13.41,5.57,907.4
2018,66,0,11.82,1.18,665.05
2018,67,0,10.01,-1.03,566.62
2018,68,0,15.93,-2.86,494.94
2018,69,3.15,18.97,0.24,621.22
2018,70,14.5,14.48,5.71,916.21
2018,71,2.18,12.98,3.9,807.24
2018,72,0,12.69,0.06,613.38
2018,73,0,11.58,0.08,614.46
2018,74,0,19.84,-0.57,585.88
2018,75,1.03,23.09,2.99,757.12
2018,76,1.18,23.88,8.59,1116.09
2018,77,10.91,25.03,11,1312.1
2018,78,17.24,18.05,12.15,1415.98
2018,79,0,22.38,10.52,1270.55
2018,80,0,10.99,2.96,755.62
2018,81,0,16.05,0.59,637.54
2018,82,0,19.13,0.32,625.14
2018,83,0.72,21.56,5.74,917.95
2018,84,0.77,11.53,4.66,851.54
2018,85,0,10.69,5.56,906.59
2018,86,0,13.65,6.89,993.71
2018,87,0,25.56,6.47,965.52
2018,88,15.07,24.85,10.56,1274.13
2018,89,0,19.72,9.61,1195.81
2018,90,0,20.37,3.18,767.44
2018,91,0,25.01,3.72,797.27
2018,92,0,27.33,9.07,1153.04
2018,93,0.6,27.41,11.03,1314.49
2018,94,0,20.45,7.83,1060.09
2018,95,0,20.3,0.32,624.96
2018,96,1.89,22.91,4.61,848.54
2018,97,5.04,18.72,6.92,995.94
2018,98,1.41,13.38,5.03,873.66
2018,99,1.13,11.81,6.37,959.03
2018,100,0,20.5,7.52,1037.96
2018,101,0,21.78,4.25,827.36
2018,102,0,25.04,5.58,907.58
2018,103,0,26.41,8.56,1113.55
2018,104,1.72,27.09,12.33,1432.72
2018,105,57.31,19.87,9.36,1175.4
2018,106,0,11.53,2.74,743.65
2018,107,0,23.39,1.1,661.24
2018,108,0,28.08,6.58,972.78
2018,109,0,20.38,8.18,1085.28
2018,110,0,19.98,4.48,840.62
2018,111,0,21.81,3.03,759.02
2018,112,28.7,18.17,9.33,1173.36
2018,113,36.19,18.5,11.92,1394.77
2018,114,2.2,22.25,13.33,1529.62
2018,115,0,22.95,11.21,1330.26
2018,116,5.06,20.9,9.15,1158.97
2018,117,0,23.42,10.72,1288.04
2018,118,0,25.39,9.52,1188.49
2018,119,0,22.2,7.97,1069.8
2018,120,0,24.3,5.45,899.5
2018,121,0,27.18,6.24,950.26
2018,122,0,28.25,9.91,1220.23
2018,123,0,28.33,12.23,1423.54
2018,124,0,28.99,12.62,1459.9
2018,125,0,26.96,15.27,1734.83
2018,126,0,26.81,14.79,1681.3
2018,127,0,28.05,12.29,1428.4
2018,128,0,26.38,13.49,1545.32
2018,129,0,28.85,12.04,1405.97
2018,130,0,31.92,13.18,1514.32
2018,131,0,32.3,14.07,1605.2
2018,132,0,33.24,16.06,1824.03
2018,133,0,33.71,16.14,1833.29
2018,134,0,33.02,17.85,2043.16
2018,135,12.34,25.68,18.83,2172.73
2018,136,17.33,24.8,19.4,2252.08
2018,137,0.31,27.5,19.1,2209.93
2018,138,8.5,28.22,18.31,2103.24
2018,139,1.58,28.35,18.82,2171.62
2018,140,14.46,29.57,18.43,2119.49
2018,141,0,28.92,17.7,2023.74
2018,142,29.2,28.49,19.07,2205.83
2018,143,4.49,26.77,19.2,2223.41
2018,144,53.55,29.72,19.31,2238.96
2018,145,6.86,26.67,20.06,2346.06
2018,146,1,29.04,20.53,2414.89
2018,147,5.8,27.89,20.5,2409.81
2018,148,35.73,27.87,20.43,2400.83
2018,149,6.21,26.69,21.03,2490.1
2018,150,11.89,29.37,21.48,2560.16
2018,151,42.46,30.63,19.71,2295.43
2018,152,9.85,30.53,18.97,2192.47
2018,153,0,31.21,19.24,2229.71
2018,154,0,32.79,19.68,2290.8
2018,155,0,29.79,17.65,2017.99
2018,156,0,27.92,16.12,1831.75
2018,157,0,32.15,15.56,1767.08
2018,158,0,31.97,17.73,2027.65
2018,159,0,31.49,19.37,2246.88
2018,160,7.35,32.34,19.12,2212.22
2018,161,0,32.63,19.4,2251.25
2018,162,28.45,31.13,19.64,2285.44
2018,163,0,26.46,20.09,2349.96
2018,164,0,29.73,20.08,2349.35
2018,165,0,31,20.24,2372.64
2018,166,0,33.22,20.95,2477.65
2018,167,0,33.42,20.84,2461.96
2018,168,0,32.36,20.76,2450.07
2018,169,0,33.94,20.68,2437.94
2018,170,0,35.1,21.45,2554.9
2018,171,0,34.88,22.38,2703.86
2018,172,2.95,32.87,22.1,2658.79
2018,173,17.36,32.91,21,2485.69
2018,174,0,31.12,20.89,2468.36
2018,175,0,33.75,20.86,2464.29
2018,176,0,34.44,21.13,2505.27
2018,177,52.11,33.44,19.44,2256.78
2018,178,17.37,32.4,20.45,2402.95
2018,179,21.09,26.45,20.16,2360.84
2018,180,1.46,31.71,18.95,2188.87
2018,181,0,32.37,20.71,2441.8
2018,182,4.68,31.22,21.63,2583.2
2018,183,0,31.56,22.57,2736.71
2018,184,2.67,33.4,21.49,2561.93
2018,185,0,32.01,21.04,2491.42
2018,186,0,32.1,21.86,2620.18
2019,58,0.92,18.93,9.78,1209.4
2019,59,6.76,15.84,11.02,1313.68
2019,60,0.77,19.54,13.91,1588.69
2019,61,0.05,20.09,10.89,1302.22
2019,62,36.73,18.41,8.79,1130.97
2019,63,0,10.43,2.34,722.68
2019,64,0,9.64,-1.6,543.13
2019,65,0,10.13,-3.29,479.07
2019,66,0,15.97,-2.66,502.17
2019,67,1.82,14.73,4.61,848.55
2019,68,0.41,16.22,7.25,1019.02
2019,69,0,21.38,8.76,1129.36
2019,70,1.74,21.09,8.65,1120.27
2019,71,0,20.75,5.81,922.78
2019,72,0,20.01,6.08,940.14
2019,73,3.2,23.79,9.1,1155.47
2019,74,7.06,21.72,10.64,1280.84
2019,75,0,14.19,5.49,902.22
2019,76,0,17.19,2.45,728.38
2019,77,0,17.7,2.12,711.43
2019,78,0,14.81,2.21,716.25
2019,79,0,16.98,-0.34,595.65
2019,80,0,17.88,2.37,724.37
2019,81,0,19.28,2.92,753.08
2019,82,0,20.84,3.28,772.45
2019,83,0,23.08,3.39,778.95
2019,84,3.86,21.87,8.53,1111.43
2019,85,0,17.68,8.27,1092.11
2019,86,0,16.5,4.88,864.97
2019,87,0,20.78,0.71,642.97
2019,88,0,24.07,3.02,758.68
2019,89,0,24.63,9.51,1187.43
2019,90,3.1,17.97,7.39,1028.56
2019,91,0,15.88,1.46,678.67
2019,92,0,17.52,3.59,789.85
2019,93,0,20.19,2.17,714.07
2019,94,5.62,22.03,5.05,875.22
2019,95,0,20.8,10.63,1279.93
2019,96,8.58,23.56,12.48,1446.51
2019,97,0,26.33,14.35,1634.89
2019,98,8.47,24.89,16.04,1821.68
2019,99,5.19,24.4,15.3,1738.14
2019,100,0,26.92,12.44,1442.6
2019,101,0,27.96,13.6,1556.61
2019,102,0,26.84,15.82,1796.59
2019,103,0,27.19,16.03,1820.35
2019,104,8.21,24.36,14.29,1628.08
2019,105,0,19.2,7.47,1034.4
2019,106,0,24.34,4.61,848.51
2019,107,0,25.86,6.68,979.8
2019,108,0,26.69,12.62,1460.62
2019,109,48.28,21.86,10.29,1251.17
2019,110,1.18,12.08,6.51,968.34
2019,111,0,22.48,5.87,926.31
2019,112,0,26.45,6.23,949.37
2019,113,0,28.74,9.12,1156.43
2019,114,0,28.77,13.41,1537.89
2019,115,1.21,24.99,14.61,1661.86
2019,116,0,23.43,12.34,1433.24
2019,117,0,25.76,7.32,1022.51
2019,118,0,27.98,10.66,1280.18
2019,119,0,28.51,13.67,1564.3
2019,120,0,29.82,14.28,1627.07
2019,121,0,28.34,15.39,1748.14
2019,122,0,29.03,15.51,1761.72
2019,123,0,28.79,16.79,1910.98
2019,124,13.83,28.95,17.19,1960.74
2019,125,0,26.69,17.52,2001.18
2019,126,0,27.92,13.72,1569.26
2019,127,0,27.31,15.06,1710.88
2019,128,0,28.84,17.49,1997.8
2019,129,7.16,27.31,16.85,1917.93
2019,130,6.2,29.03,18.15,2082.75
2019,131,39.79,27.92,18.22,2091.3
2019,132,8.41,24,18.37,2111.9
2019,133,0,23.99,13.64,1561.14
2019,134,0,23.44,8.93,1141.81
2019,135,0,24.36,8.93,1142.31
2019,136,0,28.8,11.76,1379.72
2019,137,6.51,30.5,15.88,1803.68
2019,138,0,32.46,17.11,1950.59
2019,139,0,31.66,18.5,2129.11
2019,140,0,31.23,18.55,2135.58
2019,141,0,32.67,15.54,1761.16
2019,142,0,32.76,17.42,1984.42
2019,143,0,32.15,19.55,2272.78
2019,144,0,34.55,20.09,2348.78
2019,145,0,35.33,20.42,2367.88
2019,146,0,35.52,19.78,2252.73
2019,147,0,34.62,19.06,2154.37
2019,148,0,35.67,20.24,2320.69
2019,149,0,35.77,20.46,2352.68
2019,150,0,34.85,20.95,2448.23
2019,151,0,32.42,20.12,2355.29
2019,152,0,32.12,15.51,1672.94
2019,153,0,32.38,17.35,1791.39
2019,154,0,33.1,17.8,1835.21
2019,155,0,31.17,20.1,2320.3
2019,156,0,30.26,21.31,2534.08
2019,157,8.02,26.38,20.82,2457.78
2019,158,29.82,30.95,20.29,2380.03
2019,159,110.02,22.61,19.46,2259.9
2019,160,6.99,25.86,20.39,2393.76
2019,161,7.12,27.72,20.59,2424.56
2019,162,0,29.72,19.76,2302.82
2019,163,0,22.31,17.25,1967.78
2019,164,0,27.64,16.09,1827.21
2019,165,0,28,12.06,1407.04
2019,166,0,29.75,13.27,1524.06
2019,167,0,32.44,16.84,1917.63
2019,168,0,32.84,20.31,2382.3
2019,169,3.93,29.95,21.14,2507.15
2019,170,3.44,30.45,21.27,2527.63
2019,171,10.34,30.95,22.04,2649.58
2019,172,1.29,32.78,20.78,2452.31
2019,173,2.46,32.35,18.94,2188.54
2019,174,3.03,33.04,19.8,2308.34
2019,175,3.91,31.86,19.44,2257.83
2019,176,0,30.54,19.84,2313.49
2019,177,0,30.64,19.77,2304.53
2019,178,0,30.99,20.54,2416.83
2019,179,0,31.68,18.46,2123.26
2019,180,0,31.84,19.44,2256.73
2019,181,0,34.09,21.03,2490.4
2019,182,0,34.88,21.85,2619.11
2019,183,0,35.82,21.15,2508.89
2019,184,0,35.16,21.63,2583.61
2019,185,0,35.12,22.14,2665.2
2019,186,0.45,34.08,21.25,2524.49
2019,187,0,33,21.58,2576.04
2019,188,0,33.68,22.87,2785.78
2019,189,3.87,34.9,22.09,2657.14
2019,190,0,31.61,23.06,2818.08
2020,51,23.34,8.07,3.47,783.07
2020,52,0,9.63,-0.68,581.32
2020,53,0,14.02,-4.09,451.34
2020,54,0.59,15.51,-1.88,532.15
2020,55,39.51,10.25,4.56,845.42
2020,56,1.88,19.1,7.53,1038.45
2020,57,0,15.03,4.63,849.85
2020,58,0,10.7,1.16,664.17
2020,59,0,11.76,-0.7,580.37
2020,60,0,12.85,0.49,632.78
2020,61,0,18.05,-2.67,501.86
2020,62,16.11,14.17,3.5,784.58
2020,63,20.15,20.92,10.19,1243.33
2020,64,35.45,16.08,11.04,1315.24
2020,65,20.15,11.53,7.76,1054.63
2020,66,0,13.49,4.17,822.7
2020,67,0,15.37,0.5,633.3
2020,68,0,17.02,-0.46,590.51
2020,69,0,20.79,2.03,707.1
2020,70,0.29,19.35,10.39,1259.69
2020,71,4.48,22.85,10.35,1256.1
2020,72,0,22.02,12.22,1421.89
2020,73,0,24.54,15.53,1763.48
2020,74,0,21.61,12.08,1409.26
2020,75,0.89,19.65,10.65,1281.75
2020,76,0.74,13.96,10.68,1284
2020,77,0,18.99,9.54,1190.24
2020,78,5.59,23.28,9.6,1194.99
2020,79,0,27.6,13.41,1537.11
2020,80,0.32,28.39,14.08,1606.24
2020,81,0.48,25.56,13.54,1550.78
2020,82,1.45,15.89,10.15,1239.43
2020,83,26.53,14.36,9.65,1198.88
2020,84,21.93,15.29,11.53,1358.66
2020,85,0,24.01,11.9,1392.67
2020,86,0,24.63,8.2,1086.59
2020,87,0,29.68,13.82,1578.89
2020,88,0,29.85,15.09,1713.89
2020,89,0,27.58,17.24,1966.6
2020,90,0,24.67,15.09,1714.09
2020,91,7.15,18.87,10.08,1233.52
2020,92,0,17.02,5.09,877.74
2020,93,0,20.88,2.45,728.55
2020,94,0,25.32,4.81,860.28
2020,95,0,24.72,9.65,1199
2020,96,0,26.55,11.22,1331.77
2020,97,0,28.47,11.52,1357.94
2020,98,0,27.04,13.96,1593.61
2020,99,1.41,27.22,14.74,1676.43
2020,100,0,26.84,15.69,1781.14
2020,101,0,18.88,7.45,1032.61
2020,102,0,21.96,1.22,666.87
2020,103,28.73,23.05,4.6,848.14
2020,104,0,24.44,11.19,1328.32
2020,105,0,23.79,9,1147.29
2020,106,0,20.12,7.53,1038.54
2020,107,0,20.91,3.23,769.79
2020,108,0.99,22.96,3.6,790.45
2020,109,2.47,22.95,8.62,1118.07
2020,110,42.62,14.86,5.8,921.88
2020,111,2.08,23.42,9.94,1222.33
2020,112,0,24.39,9.28,1169.1
2020,113,1.68,23.74,8.33,1096.61
2020,114,18.91,18.66,10.6,1277.52
2020,115,0,23.57,12.15,1415.94
2020,116,0,25.79,10.71,1286.68
2020,117,0,20.39,11.04,1315.66
2020,118,0,24.08,7.31,1022.94
2020,119,0,26,7.59,1042.66
2020,120,33.34,24.09,10.77,1292.49
2020,121,0,17.8,9.46,1183.95
2020,122,0,23.81,8.11,1080.4
2020,123,0,27.42,6.87,992.7
2020,124,0,29.34,10.92,1304.64
2020,125,0,29.66,15.18,1723.86
2020,126,0,28.85,16.97,1933.35
2020,127,0,23.88,9.09,1154.61
2020,128,0,20.6,5.65,912.2
2020,129,4.94,18.77,6.97,999.51
2020,130,0,19.88,4.69,853.28
2020,131,0,23.18,3.89,806.75
2020,132,0,20.57,7.57,1041.61
2020,133,0,22.16,4.74,856.5
2020,134,0,23.83,8.18,1085.77
2020,135,0,27.25,12.64,1462.13
2020,136,0,27.55,13.11,1507.61
2020,137,0,29.06,12.87,1484.61
2020,138,6.68,29.52,14.97,1701.67
2020,139,30.11,24.82,17.1,1949.12
2020,140,20.85,25.17,15.16,1721.74
2020,141,2.91,14.77,11.89,1391.36
2020,142,0,23.82,11.55,1361.09
2020,143,0,29.22,14.88,1691.54
2020,144,0,31.37,16.38,1861.42
2020,145,16.16,32.03,18.4,2115.17
2020,146,2.5,28.79,18.5,2129
2020,147,0.94,24.41,19.62,2282.24
2020,148,1.64,23.09,19.64,2284.98
2020,149,1.9,29.5,19.99,2335.22
2020,150,12.84,28.66,20.1,2351.83
2020,151,0,30.66,18.62,2145.15
2020,152,0,29.21,15.51,1761.14
2020,153,0,27.64,17.7,2023.81
2020,154,0,29.47,15.75,1788.36
2020,155,0,31.89,17.74,2030.01
2020,156,2.48,31.17,19.65,2287.55
2020,157,3,29.27,19.6,2279.65
2020,158,0,30.75,20.23,2370.74
2020,159,0,30.9,19.99,2336.31
2020,160,4.8,30.24,21.3,2531.64
2020,161,17.51,31.52,21.96,2636.53
2020,162,0.9,29.85,21.97,2638.1
2020,163,0,30.8,20.72,2443.88
2020,164,0,30,18.7,2155.4
2020,165,0,30.24,17,1936.44
2020,166,10.42,28.77,16.85,1918.09
2020,167,0,26.14,15.16,1722.27
2020,168,0,20.91,14.38,1637.41
2020,169,0,24.37,11.98,1399.53
2020,170,0,28.25,15.12,1717.7
2020,171,1.43,31.52,16.25,1847.12
2020,172,0,32.44,16.4,1864.6
2020,173,0.77,33.56,17.46,1994.47
2020,174,14.96,31.39,18.58,2139.57
2020,175,3.08,30.12,19.08,2207.46
2020,176,23.17,29.75,20.43,2400.71
2020,177,0,29.66,19.81,2309.98
2020,178,0,30.96,20.56,2420.1
2020,179,12.85,30.97,19.66,2288.65
2020,180,0,32.37,20.2,2366.49
2020,181,0,33.51,22.38,2705.14
2020,182,0,33.17,21.3,2532.1
2020,183,0,29.32,21.04,2491.67
2020,184,0,33.26,20.48,2406.82
2020,185,0,33.47,20.42,2398.64
2020,186,0,33.73,20.48,2408.17
2020,187,0,33.32,21.05,2493.94
2020,188,22.65,29.41,20.9,2470.9
2020,189,1.56,27.98,21.94,2632.87
2020,190,0,31.89,21.28,2528.5
2020,191,0,31.75,21.95,2634.21
2020,192,0.61,33.7,21.48,2560.08
2020,193,0,32.64,21.33,2536
2020,194,0,32.35,18.69,2154.23
2020,195,0,33.45,20.57,2421.1
2020,196,0,35.08,20.29,2380.09
2020,197,0,35.39,20.42,2398.28
2020,198,0,34.36,21.27,2527.75
2020,199,0,35.41,21.58,2575.98
2020,200,0,35.25,22.44,2714.43
2020,201,0,35.99,21.55,2571.8
2020,202,0,36.83,21.68,2592.42
2020,203,29.02,35.48,21.62,2582.6
2020,204,0,33.8,20.74,2445.88
2020,205,0,34.44,21.11,2503.13
2020,206,0,32.8,21.07,2496.93
2020,207,20.02,33.87,20.89,2468.93
2020,208,0,34.18,19.77,2304.37
2020,209,0,35.22,21.31,2533.06
2021,70,0,23.55,7.63,1045.63
2021,71,0,25.58,7.55,1040.09
2021,72,0,25.21,10.65,1281.43
2021,73,0,25.71,11.45,1351.64
2021,74,0.52,20.52,12.88,1485.66
2021,75,34.64,13.83,6.59,973.85
2021,76,11.54,15.47,8.01,1072.88
2021,77,6.37,24.32,9.51,1187.84
2021,78,0,17.22,6.85,991.07
2021,79,0,14.81,3.7,796.14
2021,80,0,18.71,6.07,939.1
2021,81,0,21.45,9.04,1150.67
2021,82,0.37,22.1,10.29,1251.44
2021,83,1.94,22.87,12.61,1459.01
2021,84,13.46,25.25,13.78,1574.93
2021,85,1.69,24.51,15.48,1758.27
2021,86,5.44,28.13,15.62,1773.49
2021,87,12.16,23.3,12.43,1442.33
2021,88,0,20.2,4.2,824.26
2021,89,0,22.93,5.48,901.7
2021,90,16.16,21.21,8.92,1141.51
2021,91,0,12.31,3.62,791.38
2021,92,0,14.28,-0.87,573.16
2021,93,0,17.43,-1.04,565.92
2021,94,0,23.32,0.81,647.69
2021,95,0,26.25,6.22,948.76
2021,96,0,27.23,7.12,1009.84
2021,97,0,27.94,8.61,1117.86
2021,98,0,24.83,11.9,1392.58
2021,99,0,25.29,14.21,1619.73
2021,100,25.44,19.87,14.04,1602.27
2021,101,0,24.29,12.53,1451.99
2021,102,0,28.34,8.52,1111.16
2021,103,0,29.11,10.38,1258.8
2021,104,0.75,28.46,10.59,1276.61
2021,105,0,23.49,10.95,1307.67
2021,106,0,20.07,6.48,965.96
2021,107,0,22.85,10.75,1290.48
2021,108,0,23.63,8.56,1113.79
2021,109,0,23.18,9.55,1191
2021,110,0,24.06,8.27,1091.82
2021,111,0,19.06,5.12,879.42
2021,112,0,18.14,0.17,618.44
2021,113,0.87,20.52,2.29,720.08
2021,114,47.55,21.86,8.8,1131.79
2021,115,0,24.3,10.28,1250.71
2021,116,0,25.89,9.18,1161.51
2021,117,0,27.22,11.16,1325.69
2021,118,0,28.5,15.28,1734.84
2021,119,0,27.53,15.89,1804.84
2021,120,0,24.55,15.26,1733.72
2021,121,0,25.76,10.26,1249.04
2021,122,0.15,27,11.26,1335.3
2021,123,44.7,23.07,15.9,1805.49
2021,124,31.79,25.82,16.41,1865.89
2021,125,0,25.24,14.68,1669.9
2021,126,0,23.74,9.51,1187.36
2021,127,0,20.69,8.72,1125.6
2021,128,0,23.88,7.08,1006.98
2021,129,12.05,28.38,9.15,1158.91
2021,130,0.78,25.48,14.22,1620.39
2021,131,3.79,26,15.47,1757.09
2021,132,31.68,20.98,10.02,1228.84
2021,133,0,21.24,6.52,969
2021,134,0,23.84,7.13,1010.37
2021,135,0,25.41,8.51,1110.39
2021,136,0,26.58,10.1,1235.83
2021,137,0,26.8,11.61,1365.86
2021,138,0,25.22,13.78,1575.17
2021,139,0,27.46,14.76,1678.38
2021,140,0,27.56,14.1,1607.82
2021,141,0,29.18,11.74,1378.08
2021,142,0,29.43,13.69,1565.71
2021,143,0,32.07,14.52,1652.72
2021,144,0,33.39,16.44,1868.97
2021,145,0,33.16,17.99,2061.8
2021,146,0,32.41,17.99,2061.15
2021,147,0,31.86,16.66,1895.24
2021,148,3.23,31.44,18.83,2172.82
2021,149,0,25.01,15.99,1815.84
2021,150,0,24.99,13.59,1555.88
2021,151,0,25.63,12.76,1473.54
2021,152,0,27.55,12.31,1430.38
2021,153,0,27.49,14.25,1624.1
2021,154,0,30.27,16.17,1836.66
2021,155,0,30.71,18.66,2150.52
2021,156,0,32.01,20.06,2345.32
2021,157,5.79,32.04,20.57,2420.25
2021,158,2.3,30.28,20.8,2455.63
2021,159,9.63,30.66,21.03,2490.9
2021,160,2.42,30.76,19.91,2323.6
2021,161,2.09,31,20.22,2369.26
2021,162,1.68,30.57,21.43,2552.55
2021,163,0.64,32.57,21.8,2610.21
2021,164,0,30.96,20.72,2442.95
2021,165,0,33.66,19.84,2314.02
2021,166,0,33.31,19.55,2272.85
2021,167,0,31.28,17.07,1945.66
2021,168,0,31.68,15.66,1778.42
2021,169,0,33.24,16.26,1847.32
2021,170,37.23,27.14,19.49,2264.88
2021,171,6.39,28.83,20.86,2464.43
2021,172,5.86,30.95,21.02,2488.17
2022,75,16.71,15.35,11.33,1341.08
2022,76,0,23.58,11.48,1354.54
2022,77,18.03,15.14,9.31,1171.88
2022,78,0,20.96,9.4,1178.7
2022,79,0,21.25,4.73,855.52
2022,80,0,22.4,3.1,762.97
2022,81,2.17,24.05,6.86,991.72
2022,82,4.81,24.77,15.24,1731.03
2022,83,0,19.91,9.4,1179.15
2022,84,0,17.15,4.4,836.34
2022,85,0,18.07,5.45,899.85
2022,86,0,18.25,5.52,904.03
2022,87,0,21.13,5.64,911.91
2022,88,0,21.76,6.31,955.14
2022,89,10.58,28.05,10.13,1238.11
2022,90,12.13,23.45,13.48,1544.81
2022,91,0,20.35,7.83,1060.15
2022,92,0,18.68,4.45,838.88
2022,93,0,22.85,6.82,988.78
2022,94,0,23.11,6.58,973.01
2022,95,47.44,17.93,7.38,1027.96
2022,96,22.04,22.31,14.27,1625.77
2022,97,0,21.15,11.29,1337.21
2022,98,0,15.84,5.38,895.33
2022,99,0,12.87,2.33,722.48
2022,100,0,22.83,-0.3,597.69
2022,101,0,23.21,6.01,935.26
2022,102,0,27,9.64,1197.71
2022,103,0,24.98,14.07,1605.24
2022,104,0,25.46,13.29,1525.2
2022,105,10.44,24.61,5.82,922.95
2022,106,5.32,18.8,11.06,1317.22
2022,107,0,25.49,12.63,1461.5
2022,108,1.03,18.8,9.19,1162.44
2022,109,0,19.38,2.62,737.15
2022,110,0,21.62,3.63,792.15
2022,111,0,24.24,9.18,1161.2
2022,112,0,27.66,10.12,1237.35
2022,113,0,26.42,11.87,1390.24
2022,114,0,26.31,11.66,1370.37
2022,115,0,28.68,12.96,1493.15
2022,116,0,25.87,12.58,1456.41
2022,117,0,24.85,7.33,1023.97
2022,118,0,25.67,6.65,977.91
2022,119,0,26.12,9.46,1183.8
2022,120,0,27.46,11.04,1315.1
2022,121,0,27.53,15.77,1791.27
2022,122,0,30.63,16.16,1836.06
2022,123,0.84,30.98,16.28,1850.33
2022,124,0.67,30.99,18.13,2080.45
2022,125,0,31.1,16.05,1822.94
2022,126,0,28.7,18.32,2104.68
2022,127,0,22.08,13.91,1588.32
2022,128,0,21.29,11.7,1374.21
2022,129,0,22.8,10.63,1279.95
2022,130,0,28.07,9.46,1183.81
2022,131,0,28.34,12.13,1414.2
2022,132,0.38,28.92,13.14,1510.62
2022,133,5.18,27.17,15.8,1793.96
2022,134,0,28.57,14.75,1676.66
2022,135,0,29.78,15.48,1757.46
2022,136,0,31.42,15.93,1809
2022,137,0,29.34,13.06,1502.59
2022,138,0,31.81,12.64,1462.07
2022,139,0,34.19,16.97,1933.47
2022,140,0,32.6,19.49,2264.52
2022,141,0,32.22,19.26,2231.98
2022,142,0,31.74,18.96,2191.14
2022,143,21.69,27.29,19.28,2235.19
2022,144,6.4,29.26,18.65,2149.24
2022,145,3.97,24.12,17.17,1958.19
2022,146,18.28,25.43,19.32,2240.83
2022,147,0,28.2,18.35,2108.29
2022,148,0,28.8,14.38,1637.27
2022,149,0,30.39,15.55,1765.44
2022,150,11.01,30.94,18.02,2066.17
2022,151,0,30.84,17.63,2015.34
2022,152,0,33.58,18.89,2181.11
2022,153,5.01,33.67,19.27,2233.51
2022,154,0,31.21,19.35,2245.05
2022,155,0,28.88,18.11,2076.86
2022,156,0,29.09,16.52,1879.06
2022,157,0,29.88,15.76,1790.19
2022,158,0,29.47,18.22,2091.43
2022,159,15.66,30.05,20.59,2424.25
2022,160,0,30.31,19.6,2279.38
2022,161,0,29.44,15.83,1797.54
2022,162,0,31.36,18.5,2128.36
2022,163,0,34.27,20.86,2464.16
2022,164,0,35.57,21.53,2568.32
2022,165,0,35.29,24.48,3069.44
2022,166,0,37.33,23.96,2919.24
2022,167,0,36.71,23.01,2732.74
2022,168,0,36.69,22.5,2537.1
2022,169,0,34.57,20.7,2274.96
2022,170,0,31.58,16.94,1775.93
2022,171,0,33.27,14.21,1414.07
2022,172,0,36.29,17.78,1776.18
2022,173,0,38.15,18.13,1773.5
2022,174,0,37.57,22.56,2508.44
2022,175,0,33.59,22.22,2645.42
2022,176,0,33.92,21.5,2480.56
2022,177,0,32.88,20.67,2369.53
2022,178,7.94,32.7,21.46,2556.75
2022,179,4.89,30.99,20.63,2430.06
2022,180,3.43,30.99,21.3,2532.17
2022,181,0.33,32.22,21.13,2456.47
2022,182,12.51,31.08,21.68,2592.17
2022,183,2.24,34.16,21.17,2511.82
2022,184,7.92,35.27,21.59,2577.8
2022,185,0,34.21,21.46,2515.52
2022,186,0,35.09,22.83,2513.43
2022,187,13.59,35.19,22.5,2589.53
2022,188,0.7,34.7,22.07,2318.55
2022,189,18.97,35.33,22.04,2581.98
2022,190,8.08,31.22,21.33,2536.35
2022,191,16.91,31.27,22.2,2674.74
2022,192,0,26.7,20.31,2381.67
2022,193,0,30.11,21.15,2509.42
2022,194,4.17,31.79,21.3,2532.17
2022,195,0,30.99,21.74,2601.21
2022,196,0,32.93,20.34,2270.98
2022,197,0,32.52,20.44,2285.23
2022,198,0,32.57,21.27,2447.43
2022,199,4.87,32.46,21.46,2557.55
2022,200,10.14,30.23,21.28,2529.37
2022,201,4.38,31.75,21.97,2638.59
2022,202,12.55,31.2,21.61,2579.9
2022,203,0,32.02,21.58,2575.76
2022,204,0,33.07,21.62,2577.78
2022,205,0,33.49,22.3,2691.61
2022,206,5.56,31.35,22.47,2719.27
2022,207,0,32.49,23.21,2843.92
2022,208,0,33.42,22.5,2723.81
2022,209,0,33.51,22.65,2749.05
2022,210,2.11,34.02,22.94,2797.33
2022,211,9.03,32.7,22.35,2699.12
2022,212,0,32.75,21.43,2551.83
2022,213,0,30.51,20.99,2484.91
2022,214,0,34.15,21.89,2625.15
2023,60,0,25.98,10.24,1246.81
2023,61,1.29,21.28,15.04,1709.13
2023,62,4.3,24.77,15.13,1718.89
2023,63,0,22.84,9.89,1218.69
2023,64,0,21.78,6.7,981.17
2023,65,0,24.37,7.08,1006.65
2023,66,0,26.96,13.1,1506.98
2023,67,1.37,19.05,7.33,1024.17
2023,68,8.49,18.69,9.66,1199.49
2023,69,0,19.7,9.21,1164.07
2023,70,11.35,18.97,3.42,780.62
2023,71,17.04,10.71,6.29,953.82
2023,72,0,15.14,4.48,840.7
2023,73,0,11.96,-0.93,570.69
2023,74,0,15.87,-2.89,493.68
2023,75,0,20.25,-1.19,559.76
2023,76,17.12,16.07,7.71,1051.41
2023,77,0,12.76,2.56,734.27
2023,78,0,9.52,-0.1,606.19
2023,79,0,13.07,-2.92,492.42
2023,80,0,16.84,-2.05,525.54
2023,81,0,18.15,3.39,778.62
2023,82,0,27.24,9.37,1176.81
2023,83,0,28.79,11.98,1400.16
2023,84,12.79,27.41,14.05,1602.47
2023,85,36.32,21.74,17.23,1965.66
2023,86,6.56,25.98,16.31,1854.11
2023,87,0,23.04,10.49,1267.88
2023,88,0,18.44,6.11,941.53
2023,89,0,22.79,3.72,796.87
2023,90,0,25.8,7.72,1051.91
2023,91,9.54,26.6,14.16,1614.85
2023,92,0,22.72,8.42,1103.54
2023,93,2.23,17.12,8.19,1086.45
2023,94,0,24.01,13.47,1543.3
2023,95,0,30.2,15.4,1748.45
2023,96,4.58,28.52,18.03,2066.86
2023,97,0,26.71,10.09,1234.91
2023,98,49.43,8.88,5.87,926.24
2023,99,0,17.95,5.31,891.27
2023,100,0,18.7,4.73,855.72
2023,101,0,22.56,2.11,711.16
2023,102,0,24.96,3.98,812.03
2023,103,15.92,22.73,7.61,1044.11
2023,104,14.88,21.17,13.67,1563.81
2023,105,6.24,26.24,13.32,1528.25
2023,106,1.34,24.14,13.78,1575.2
2023,107,0,21.92,6.81,988.18
2023,108,0,25.9,5.51,903.66
2023,109,0,28.58,8.66,1121.36
2023,110,0,28.46,10.56,1274.42
2023,111,2.83,26.31,11.83,1385.98
2023,112,0.72,21.33,8.7,1124.43
2023,113,0,22.07,6.49,967.1
2023,114,0,21.49,8.7,1124.59
2023,115,0,21.53,6.08,939.68
2023,116,0.29,15.13,11.37,1344.96
2023,117,25.27,15.92,11.94,1396.74
2023,118,0,26.28,13.98,1595.5
2023,119,18.6,25.16,11.95,1396.89
2023,120,17.7,22.34,11.58,1363.43
2023,121,0,20.12,7.25,1018.77
2023,122,0,22.13,7.21,1015.75
2023,123,0,21.82,7.42,1030.8
2023,124,0,23.62,4.69,853.34
2023,125,1.02,19.31,8.45,1105.39
2023,126,0,23.86,12.98,1495.13
2023,127,0.72,27.73,12.64,1462.12
2023,128,0.56,29.18,16.71,1901.33
2023,129,4.15,31.08,18.47,2124.21
2023,130,0,29.05,16.84,1916.59
2023,131,0,26.14,15.98,1815.47
2023,132,2.29,25.85,16.17,1837.69
2023,133,0,30.03,17.88,2047
2023,134,0,31.71,18.79,2167.88
2023,135,0,28.19,19.17,2219.4
2023,136,8.76,30.59,18.68,2153.47
2023,137,31.14,29.05,18.42,2117.9
2023,138,4.73,20.8,16.66,1895.79
2023,139,0,22.98,15.2,1726.09
2023,140,14.65,26.33,17.39,1985.44
2023,141,2.84,25.84,18.13,2079.64
2023,142,5.86,21.99,16.95,1930.92
2023,143,0.68,23.38,16.62,1890.33
2023,144,0,25.58,14.82,1685.29
2023,145,0,26.48,11.7,1374.52
2023,146,0,25,14.56,1656.45
2023,147,4.11,21.77,12.04,1405.43
2023,148,0,23.82,12.5,1448.88
2023,149,0,26.42,12.31,1430.39
2023,150,1,27.14,14.94,1698.07
2023,151,0,24.87,16.71,1900.91
2023,152,0,27.84,16.04,1821.58
2023,153,0,29.28,16.26,1847.45
2023,154,0,30.64,15.59,1770.08
2023,155,0,28.63,17.15,1955.18
2023,156,0,28.56,15.17,1723.3
2023,157,0,31.65,18.06,2071.16
2023,158,2.66,31.46,17.19,1960.47
2023,159,0,29.23,16.74,1905.36
2023,160,0,28.23,14.65,1666.62
2023,161,0,29.43,12.02,1404.09
2023,162,31.15,27.4,17.92,2052.62
2023,163,3.1,28.27,17.97,2058.49
2023,164,0,27.05,15.37,1745.18
2023,165,7.4,26.04,18.16,2083.21
2023,166,12.01,28.15,19.15,2216.37
2023,167,0,30.79,18.57,2138.16
2023,168,0,32.05,18.58,2139.36
2023,169,31.85,31.34,16.04,1822.32
2023,170,18.14,27.9,19.95,2330.05
2023,171,5,28.46,19.85,2314.99
2023,172,55.69,22.97,18.38,2112.1
2023,173,6.54,25.33,18.03,2067.27
2023,174,0,29.24,18.55,2135.65
2023,175,0,30.44,17.42,1988.36
2023,176,11.77,32.66,18.26,2096.32
2023,177,0,32.42,18.56,2137.13
2023,178,0,31.47,20.52,2413.88
2023,179,0,32.43,18.49,2127.35
2023,180,0,32.95,19.72,2296.37
2023,181,0,29.21,20.85,2463.29
2023,182,11.26,34.58,21.1,2501.82
2023,183,1.44,33.73,20.55,2417.96
2023,184,0.84,32.18,20.78,2452.38
2023,185,1.66,32.58,21.26,2525.68
2023,186,3.03,30.98,22.07,2653.78
2023,187,0.88,33.09,21.9,2627.46
2023,188,0.87,33.47,21.58,2575.39
2023,189,2.57,33.74,20.73,2445.15
2023,190,4.56,31.68,22.3,2692.2
2023,191,8.4,29.67,21.03,2489.87
2023,192,0,32.03,20.13,2356.54
2023,193,0,33.4,19.14,2215.06
2023,194,0,33.68,21.68,2591.43
2023,195,0,33.58,22.57,2735.54
2023,196,0,34.03,22.31,2693.11
2023,197,0,32.93,22.51,2726.9
2023,198,0,31.71,19.97,2332.7
2023,199,0,33.35,19.64,2286.11
