Animal ID,,Clutch.ID,Tank.ID,Date.eggs.hatched,Year,Stocking.density,Date.stocked,Date.metamorphosed,Days.to.metamorphosis,Mass.g.metamorphosed,Mark,Fate.comments
Rcap-,811,Rcap1,1,2/25/11,2011,100,3/11/11,6/2/11,,3.1,B22,nsa (6/20/11)
Rcap-,812,Rcap1,1,2/25/11,2011,100,3/11/11,6/2/11,,4.25,B25,
Rcap-,813,Rcap1,1,2/25/11,2011,100,3/11/11,6/2/11,,4.51,B26,
Rcap-,814,Rcap1,1,2/25/11,2011,100,3/11/11,6/2/11,,3.96,B27,
Rcap-,815,Rcap1,1,2/25/11,2011,100,3/11/11,6/2/11,,3.69,B28,
Rcap-,816,Rcap1,1,2/25/11,2011,100,3/11/11,6/2/11,,3.27,B29,
Rcap-,817,Rcap1,1,2/25/11,2011,100,3/11/11,6/2/11,,3.51,B30,
Rcap-,818,Rcap1,1,2/25/11,2011,100,3/11/11,6/2/11,,3.35,B31,
Rcap-,819,Rcap1,1,2/25/11,2011,100,3/11/11,6/2/11,,2.74,B33,*B32 was not used
Rcap-,820,Rcap1,1,2/25/11,2011,100,3/11/11,6/2/11,,3.08,B34,
Rcap-,821,Rcap1,1,2/25/11,2011,100,3/11/11,6/2/11,,3.63,B35,
Rcap-,822,Rcap1,1,2/25/11,2011,100,3/11/11,6/2/11,,3.22,B36,
Rcap-,823,Rcap1,1,2/25/11,2011,100,3/11/11,6/2/11,,3.33,B37,
Rcap-,824,Rcap1,1,2/25/11,2011,100,3/11/11,6/2/11,,3.73,B00,new skin applied (nsa)
Rcap-,825,Rcap1,1,2/25/11,2011,100,3/11/11,6/2/11,,2.45,B01,new skin applied (nsa)
Rcap-,826,Rcap1,1,2/25/11,2011,100,3/11/11,6/2/11,,3.56,B02,new skin applied (nsa)
Rcap-,827,Rcap1,1,2/25/11,2011,100,3/11/11,6/2/11,,2.74,B03,no newskin
Rcap-,828,Rcap1,1,2/25/11,2011,100,3/11/11,6/2/11,,3.73,B04,no newskin
Rcap-,829,Rcap1,1,2/25/11,2011,100,3/11/11,6/2/11,,3.7,2300,did not use
Rcap-,830,Rcap1,1,2/25/11,2011,100,3/11/11,6/2/11,,3.29,B05,no newskin
Rcap-,831,Rcap1,1,2/25/11,2011,100,3/11/11,6/2/11,,2.76,B06,nsa
Rcap-,832,Rcap1,1,2/25/11,2011,100,3/11/11,6/2/11,,3.93,B07,"nsa, high on thigh"
Rcap-,833,Rcap1,1,2/25/11,2011,100,3/11/11,6/2/11,,2.8,B08,"no newsking, at knee"
Rcap-,853,Rcap1,1,2/25/11,2011,100,3/11/11,6/3/11,,4.13,B45,B44 was last
Rcap-,854,Rcap1,1,2/25/11,2011,100,3/11/11,6/3/11,,4.14,B46,
Rcap-,855,Rcap1,1,2/25/11,2011,100,3/11/11,6/3/11,,3.43,B47,
Rcap-,856,Rcap1,1,2/25/11,2011,100,3/11/11,6/3/11,,3.52,B48,small tail remaining
Rcap-,857,Rcap1,1,2/25/11,2011,100,3/11/11,6/3/11,,3.18,B49,
Rcap-,858,Rcap1,1,2/25/11,2011,100,3/11/11,6/3/11,,3.33,B50,
Rcap-,859,Rcap1,1,2/25/11,2011,100,3/11/11,6/3/11,,4.17,B51,small tail remaining
Rcap-,860,Rcap1,1,2/25/11,2011,100,3/11/11,6/3/11,,3.04,B52,
Rcap-,861,Rcap1,1,2/25/11,2011,100,3/11/11,6/3/11,,3.02,B53,
Rcap-,862,Rcap1,1,2/25/11,2011,100,3/11/11,6/3/11,,3.09,B54,
Rcap-,863,Rcap1,1,2/25/11,2011,100,3/11/11,6/3/11,,4.22,B55,tail remaining
Rcap-,864,Rcap1,1,2/25/11,2011,100,3/11/11,6/3/11,,3.28,B56,
Rcap-,865,Rcap1,1,2/25/11,2011,100,3/11/11,6/3/11,,3.33,B57,
Rcap-,875,Rcap1,1,2/25/11,2011,100,3/11/11,6/4/11,,na,na,preserved in ethanol
Rcap-,876,Rcap1,1,2/25/11,2011,100,3/11/11,6/4/11,,3.78,B67,
Rcap-,877,Rcap1,1,2/25/11,2011,100,3/11/11,6/4/11,,3.78,B68,tail nub remaining
Rcap-,878,Rcap1,1,2/25/11,2011,100,3/11/11,6/4/11,,3.49,B69,
Rcap-,879,Rcap1,1,2/25/11,2011,100,3/11/11,6/4/11,,3.54,B70,
Rcap-,880,Rcap1,1,2/25/11,2011,100,3/11/11,6/4/11,,3.7,B71,
Rcap-,881,Rcap1,1,2/25/11,2011,100,3/11/11,6/4/11,,3.96,B72,
Rcap-,906,Rcap1,1,2/25/11,2011,100,3/11/11,6/5/11,,3.5,B95,tail nub
Rcap-,907,Rcap1,1,2/25/11,2011,100,3/11/11,6/5/11,,3.42,B96,small tail
Rcap-,908,Rcap1,1,2/25/11,2011,100,3/11/11,6/5/11,,3.03,B97,small tail
Rcap-,909,Rcap1,1,2/25/11,2011,100,3/11/11,6/5/11,,4.66,B98,tail nub
Rcap-,910,Rcap1,1,2/25/11,2011,100,3/11/11,6/5/11,,3.52,B99,small tail
Rcap-,933,Rcap1,1,2/25/11,2011,100,3/11/11,6/6/11,,4.08,na,"dead in tank, preserve in EtOH"
Rcap-,934,Rcap1,1,2/25/11,2011,100,3/11/11,6/6/11,,3.42,C20,tail nub
Rcap-,935,Rcap1,1,2/25/11,2011,100,3/11/11,6/6/11,,2.91,C21,tail nub
Rcap-,936,Rcap1,1,2/25/11,2011,100,3/11/11,6/6/11,,3.66,C22,tail nub
Rcap-,937,Rcap1,1,2/25/11,2011,100,3/11/11,6/6/11,,3.56,C23,small tail remaining
Rcap-,968,Rcap1,1,2/25/11,2011,100,3/11/11,6/7/11,,3.04,2300,tail nub
Rcap-,1002,Rcap1,1,2/25/11,2011,100,3/11/11,6/8/11,,3.69,2300,
Rcap-,1003,Rcap1,1,2/25/11,2011,100,3/11/11,6/8/11,,3.42,2300,
Rcap-,1004,Rcap1,1,2/25/11,2011,100,3/11/11,6/8/11,,3.49,2300,
Rcap-,1030,Rcap1,1,2/25/11,2011,100,3/11/11,6/9/11,,3.31,2300,
Rcap-,1031,Rcap1,1,2/25/11,2011,100,3/11/11,6/9/11,,4.01,2300,
Rcap-,1032,Rcap1,1,2/25/11,2011,100,3/11/11,6/9/11,,2.99,2300,
Rcap-,1060,Rcap1,1,2/25/11,2011,100,3/11/11,6/10/11,,4.6,2300,small tail
Rcap-,1061,Rcap1,1,2/25/11,2011,100,3/11/11,6/10/11,,3.78,2300,
Rcap-,1062,Rcap1,1,2/25/11,2011,100,3/11/11,6/10/11,,3.75,2300,tail nub
Rcap-,1063,Rcap1,1,2/25/11,2011,100,3/11/11,6/10/11,,4.24,2300,tail nub
Rcap-,1064,Rcap1,1,2/25/11,2011,100,3/11/11,6/10/11,,4.32,2300,tail nub
Rcap-,1085,Rcap1,1,2/25/11,2011,100,3/11/11,6/11/11,,4.56,2300,tail nub
Rcap-,1086,Rcap1,1,2/25/11,2011,100,3/11/11,6/11/11,,3.99,2300,tail nub
Rcap-,1087,Rcap1,1,2/25/11,2011,100,3/11/11,6/11/11,,4.34,2300,tail nub
Rcap-,1139,Rcap1,1,2/25/11,2011,100,3/11/11,6/13/11,,4.11,2300,
Rcap-,1140,Rcap1,1,2/25/11,2011,100,3/11/11,6/13/11,,3.04,2300,
Rcap-,1155,Rcap1,1,2/25/11,2011,100,3/11/11,6/14/11,,3.9,2300,
Rcap-,1156,Rcap1,1,2/25/11,2011,100,3/11/11,6/14/11,,3.63,2300,
Rcap-,1176,Rcap1,1,2/25/11,2011,100,3/11/11,6/15/11,,4.49,2300,
Rcap-,1204,Rcap1,1,2/25/11,2011,100,3/11/11,6/17/11,,4.89,2300,tail nub
Rcap-,1205,Rcap1,1,2/25/11,2011,100,3/11/11,6/17/11,,2.85,2300,
Rcap-,1222,Rcap1,1,2/25/11,2011,100,3/11/11,6/18/11,,4.74,2300,
Rcap-,1230,Rcap1,1,2/25/11,2011,100,3/11/11,6/19/11,,4.6,2300,
Rcap-,1246,Rcap1,1,2/25/11,2011,100,3/11/11,6/21/11,,5.5,2300,
Rcap-,1247,Rcap1,1,2/25/11,2011,100,3/11/11,6/21/11,,5.04,2300,
Rcap-,1323,Rcap1,1,2/25/11,2011,100,3/11/11,6/29/11,,6.12,2300,
Rcap-,1324,Rcap1,1,2/25/11,2011,100,3/11/11,6/29/11,,6.09,2300,
Rcap-,834,Rcap2,2,2/25/11,2011,100,3/11/11,6/2/11,,4.33,B09,nsa
Rcap-,835,Rcap2,2,2/25/11,2011,100,3/11/11,6/2/11,,2.78,B10,nsa
Rcap-,836,Rcap2,2,2/25/11,2011,100,3/11/11,6/2/11,,3.19,B11,nsa
Rcap-,837,Rcap2,2,2/25/11,2011,100,3/11/11,6/2/11,,2.91,B13,nsa
Rcap-,838,Rcap2,2,2/25/11,2011,100,3/11/11,6/2/11,,3.9,B14,nsa
Rcap-,839,Rcap2,2,2/25/11,2011,100,3/11/11,6/2/11,,3.16,B12,nsa
Rcap-,840,Rcap2,2,2/25/11,2011,100,3/11/11,6/2/11,,4.45,B15,nsa
Rcap-,841,Rcap2,2,2/25/11,2011,100,3/11/11,6/2/11,,4.16,B16,nsa
Rcap-,842,Rcap2,2,2/25/11,2011,100,3/11/11,6/2/11,,3.59,B17,nsa
Rcap-,843,Rcap2,2,2/25/11,2011,100,3/11/11,6/2/11,,2.71,B18,nsa
Rcap-,844,Rcap2,2,2/25/11,2011,100,3/11/11,6/2/11,,3.21,B38,nsa
Rcap-,845,Rcap2,2,2/25/11,2011,100,3/11/11,6/2/11,,2.85,B39,
Rcap-,846,Rcap2,2,2/25/11,2011,100,3/11/11,6/2/11,,3.58,B40,
Rcap-,847,Rcap2,2,2/25/11,2011,100,3/11/11,6/2/11,,2.69,B41,
Rcap-,848,Rcap2,2,2/25/11,2011,100,3/11/11,6/2/11,,2.98,B42,
Rcap-,849,Rcap2,2,2/25/11,2011,100,3/11/11,6/2/11,,4.07,B43,
Rcap-,850,Rcap2,2,2/25/11,2011,100,3/11/11,6/2/11,,3.15,na,dead in tank
Rcap-,866,Rcap2,2,2/25/11,2011,100,3/11/11,6/3/11,,2.72,B58,
Rcap-,867,Rcap2,2,2/25/11,2011,100,3/11/11,6/3/11,,3.34,B59,
Rcap-,868,Rcap2,2,2/25/11,2011,100,3/11/11,6/3/11,,3.95,B60,
Rcap-,869,Rcap2,2,2/25/11,2011,100,3/11/11,6/3/11,,3.02,B61,tail nub
Rcap-,882,Rcap2,2,2/25/11,2011,100,3/11/11,6/4/11,,3.47,B73,tail nub left
Rcap-,883,Rcap2,2,2/25/11,2011,100,3/11/11,6/4/11,,3.1,B74,
Rcap-,884,Rcap2,2,2/25/11,2011,100,3/11/11,6/4/11,,2.97,B75,
Rcap-,885,Rcap2,2,2/25/11,2011,100,3/11/11,6/4/11,,3.18,B76,
Rcap-,886,Rcap2,2,2/25/11,2011,100,3/11/11,6/4/11,,3.86,B77,small tail remaining
Rcap-,887,Rcap2,2,2/25/11,2011,100,3/11/11,6/4/11,,3.05,na,"small tail remains, found dead 6/9/2011"
Rcap-,911,Rcap2,2,2/25/11,2011,100,3/11/11,6/5/11,,3.17,C01,tail nub
Rcap-,912,Rcap2,2,2/25/11,2011,100,3/11/11,6/5/11,,2.88,C03,"small tail, C02 was lost"
Rcap-,913,Rcap2,2,2/25/11,2011,100,3/11/11,6/5/11,,3.49,C04,tail nub
Rcap-,914,Rcap2,2,2/25/11,2011,100,3/11/11,6/5/11,,2.86,C05,tail nub
Rcap-,938,Rcap2,2,2/25/11,2011,100,3/11/11,6/6/11,,3.02,C24,tail nub
Rcap-,939,Rcap2,2,2/25/11,2011,100,3/11/11,6/6/11,,2.91,C25,
Rcap-,940,Rcap2,2,2/25/11,2011,100,3/11/11,6/6/11,,2.7,C27,small tail remaining
Rcap-,969,Rcap2,2,2/25/11,2011,100,3/11/11,6/7/11,,2.92,2300,
Rcap-,970,Rcap2,2,2/25/11,2011,100,3/11/11,6/7/11,,2.66,2300,
Rcap-,971,Rcap2,2,2/25/11,2011,100,3/11/11,6/7/11,,3.11,2300,
Rcap-,1005,Rcap2,2,2/25/11,2011,100,3/11/11,6/8/11,,3.16,2300,tail nub
Rcap-,1006,Rcap2,2,2/25/11,2011,100,3/11/11,6/8/11,,3.42,2300,
Rcap-,1007,Rcap2,2,2/25/11,2011,100,3/11/11,6/8/11,,2.94,2300,
Rcap-,1008,Rcap2,2,2/25/11,2011,100,3/11/11,6/8/11,,2.96,2300,tail nub
Rcap-,1033,Rcap2,2,2/25/11,2011,100,3/11/11,6/9/11,,2.57,2300,
Rcap-,1034,Rcap2,2,2/25/11,2011,100,3/11/11,6/9/11,,3.05,2300,
Rcap-,1035,Rcap2,2,2/25/11,2011,100,3/11/11,6/9/11,,3.1,2300,
Rcap-,1036,Rcap2,2,2/25/11,2011,100,3/11/11,6/9/11,,3.55,2300,tail nub
Rcap-,1065,Rcap2,2,2/25/11,2011,100,3/11/11,6/10/11,,3.01,2300,
Rcap-,1066,Rcap2,2,2/25/11,2011,100,3/11/11,6/10/11,,2.67,2300,small tail
Rcap-,1088,Rcap2,2,2/25/11,2011,100,3/11/11,6/11/11,,4.15,2300,short tail
Rcap-,1089,Rcap2,2,2/25/11,2011,100,3/11/11,6/11/11,,3.38,2300,tail nub
Rcap-,1090,Rcap2,2,2/25/11,2011,100,3/11/11,6/11/11,,2.55,2300,tail nub
Rcap-,1091,Rcap2,2,2/25/11,2011,100,3/11/11,6/11/11,,3.47,2300,short tail
Rcap-,1092,Rcap2,2,2/25/11,2011,100,3/11/11,6/11/11,,3.58,2300,short tail
Rcap-,1093,Rcap2,2,2/25/11,2011,100,3/11/11,6/11/11,,2.45,2300,tail nub
Rcap-,1105,Rcap2,2,2/25/11,2011,100,3/11/11,6/12/11,,2.99,2300,small tail
Rcap-,1106,Rcap2,2,2/25/11,2011,100,3/11/11,6/12/11,,4.12,2300,small tail
Rcap-,1107,Rcap2,2,2/25/11,2011,100,3/11/11,6/12/11,,3.01,2300,tail nub
Rcap-,1157,Rcap2,2,2/25/11,2011,100,3/11/11,6/14/11,,2.58,2300,
Rcap-,1158,Rcap2,2,2/25/11,2011,100,3/11/11,6/14/11,,2.8,2300,
Rcap-,1159,Rcap2,2,2/25/11,2011,100,3/11/11,6/14/11,,3.44,2300,
Rcap-,1160,Rcap2,2,2/25/11,2011,100,3/11/11,6/14/11,,3.43,2300,
Rcap-,1177,Rcap2,2,2/25/11,2011,100,3/11/11,6/15/11,,2.89,2300,small tail
Rcap-,1178,Rcap2,2,2/25/11,2011,100,3/11/11,6/15/11,,3.07,2300,
Rcap-,1179,Rcap2,2,2/25/11,2011,100,3/11/11,6/15/11,,3.67,2300,
Rcap-,1180,Rcap2,2,2/25/11,2011,100,3/11/11,6/15/11,,3.32,2300,
Rcap-,1192,Rcap2,2,2/25/11,2011,100,3/11/11,6/16/11,,3.5,2300,tail nub
Rcap-,1206,Rcap2,2,2/25/11,2011,100,3/11/11,6/17/11,,3.44,2300,
Rcap-,1223,Rcap2,2,2/25/11,2011,100,3/11/11,6/18/11,,3.07,2300,
Rcap-,1231,Rcap2,2,2/25/11,2011,100,3/11/11,6/19/11,,3.09,2300,
Rcap-,1232,Rcap2,2,2/25/11,2011,100,3/11/11,6/19/11,,3.75,2300,
Rcap-,1233,Rcap2,2,2/25/11,2011,100,3/11/11,6/19/11,,3.51,2300,
Rcap-,1248,Rcap2,2,2/25/11,2011,100,3/11/11,6/21/11,,3.22,na,"found dead 6/23/2011, SCWDS"
Rcap-,1249,Rcap2,2,2/25/11,2011,100,3/11/11,6/21/11,,3.21,2300,
Rcap-,1250,Rcap2,2,2/25/11,2011,100,3/11/11,6/21/11,,3.17,2300,tail nub
Rcap-,1291,Rcap2,2,2/25/11,2011,100,3/11/11,6/24/11,,4.22,2300,
Rcap-,1292,Rcap2,2,2/25/11,2011,100,3/11/11,6/24/11,,3.87,2300,tail nub
Rcap-,1297,Rcap2,2,2/25/11,2011,100,3/11/11,6/27/11,,4.21,na,dead in tank; preserved in EtOH
Rcap-,1298,Rcap2,2,2/25/11,2011,100,3/11/11,6/27/11,,4.08,2300,
Rcap-,1325,Rcap2,2,2/25/11,2011,100,3/11/11,6/29/11,,4.1,2300,
Rcap-,1326,Rcap2,2,2/25/11,2011,100,3/11/11,6/29/11,,3.57,2300,
Rcap-,1335,Rcap2,2,2/25/11,2011,100,3/11/11,7/1/11,,4.7,2300,
Rcap-,1336,Rcap2,2,2/25/11,2011,100,3/11/11,7/1/11,,4.98,2300,
Rcap-,1337,Rcap2,2,2/25/11,2011,100,3/11/11,7/1/11,,3.36,2300,
Rcap-,1338,Rcap2,2,2/25/11,2011,100,3/11/11,7/1/11,,4.28,2300,
Rcap-,1344,Rcap2,2,2/25/11,2011,100,3/11/11,7/4/11,,3.89,2300,
Rcap-,1345,Rcap2,2,2/25/11,2011,100,3/11/11,7/4/11,,3.05,2300,
Rcap-,1346,Rcap2,2,2/25/11,2011,100,3/11/11,7/4/11,,5.06,2300,
Rcap-,1347,Rcap2,2,2/25/11,2011,100,3/11/11,7/4/11,,4.6,2300,
Rcap-,1359,Rcap2,2,2/25/11,2011,100,3/11/11,7/6/11,,4.6,2300,
Rcap-,1364,Rcap2,2,2/25/11,2011,100,3/11/11,7/9/11,,5.54,2300,
Rcap-,1365,Rcap2,2,2/25/11,2011,100,3/11/11,7/9/11,,5.93,2300,
Rcap-,1377,Rcap2,2,2/25/11,2011,100,3/11/11,7/15/11,,4.31,2300,
Rcap-,1378,Rcap2,2,2/25/11,2011,100,3/11/11,7/15/11,,4.55,2300,
Rcap-,1379,Rcap2,2,2/25/11,2011,100,3/11/11,7/15/11,,4.39,2300,
Rcap-,1380,Rcap2,2,2/25/11,2011,100,3/11/11,7/15/11,,4.29,2300,
Rcap-,1381,Rcap2,2,2/25/11,2011,100,3/11/11,7/15/11,,4.37,2300,left leg broke accidently
Rcap-,1382,Rcap2,2,2/25/11,2011,100,3/11/11,7/15/11,,3.44,2300,
Rcap-,1383,Rcap2,2,2/25/11,2011,100,3/11/11,7/15/11,,3.68,2300,
Rcap-,1387,Rcap2,2,2/25/11,2011,100,3/11/11,7/20/11,,4.97,2300,
Rcap-,803,Rcap3,3,2/25/11,2011,100,3/11/11,6/2/11,,3.49,B19,nsa
Rcap-,804,Rcap3,3,2/25/11,2011,100,3/11/11,6/2/11,,3.95,2300,did not use
Rcap-,805,Rcap3,3,2/25/11,2011,100,3/11/11,6/2/11,,3.61,B20,nsa
Rcap-,806,Rcap3,3,2/25/11,2011,100,3/11/11,6/2/11,,3.36,B21,
Rcap-,807,Rcap3,3,2/25/11,2011,100,3/11/11,6/2/11,,4.45,C00,
Rcap-,808,Rcap3,3,2/25/11,2011,100,3/11/11,6/2/11,,3.75,B23,
Rcap-,809,Rcap3,3,2/25/11,2011,100,3/11/11,6/2/11,,3.28,B24,
Rcap-,810,Rcap3,3,2/25/11,2011,100,3/11/11,6/2/11,,3.76,na,dead in tank- in freezer
Rcap-,870,Rcap3,3,2/25/11,2011,100,3/11/11,6/3/11,,3.97,B62,
Rcap-,871,Rcap3,3,2/25/11,2011,100,3/11/11,6/3/11,,3.59,B63,
Rcap-,872,Rcap3,3,2/25/11,2011,100,3/11/11,6/3/11,,3.58,B64,
Rcap-,873,Rcap3,3,2/25/11,2011,100,3/11/11,6/3/11,,3.44,B65,
Rcap-,888,Rcap3,3,2/25/11,2011,100,3/11/11,6/4/11,,4.24,na,preserved in 95% EtOH
Rcap-,889,Rcap3,3,2/25/11,2011,100,3/11/11,6/4/11,,4.06,B78,small tail remaining
Rcap-,890,Rcap3,3,2/25/11,2011,100,3/11/11,6/4/11,,4.4,B79,small tail remaining
Rcap-,891,Rcap3,3,2/25/11,2011,100,3/11/11,6/4/11,,3.85,B80,small tail remaining
Rcap-,892,Rcap3,3,2/25/11,2011,100,3/11/11,6/4/11,,3.57,B81,small tail remaining
Rcap-,893,Rcap3,3,2/25/11,2011,100,3/11/11,6/4/11,,4.1,B82,small tail remaining
Rcap-,894,Rcap3,3,2/25/11,2011,100,3/11/11,6/4/11,,3.09,B83,tail nub left
Rcap-,915,Rcap3,3,2/25/11,2011,100,3/11/11,6/5/11,,5.06,C06,
Rcap-,916,Rcap3,3,2/25/11,2011,100,3/11/11,6/5/11,,4.26,B84,small tail
Rcap-,941,Rcap3,3,2/25/11,2011,100,3/11/11,6/6/11,,4.13,C26,
Rcap-,942,Rcap3,3,2/25/11,2011,100,3/11/11,6/6/11,,3.48,C28,tail nub
Rcap-,943,Rcap3,3,2/25/11,2011,100,3/11/11,6/6/11,,3.68,C29,
Rcap-,944,Rcap3,3,2/25/11,2011,100,3/11/11,6/6/11,,3.41,C30,
Rcap-,945,Rcap3,3,2/25/11,2011,100,3/11/11,6/6/11,,3.83,C31,small tail remaining
Rcap-,946,Rcap3,3,2/25/11,2011,100,3/11/11,6/6/11,,3.12,C32,tail nub
Rcap-,947,Rcap3,3,2/25/11,2011,100,3/11/11,6/6/11,,4.22,C33,
Rcap-,972,Rcap3,3,2/25/11,2011,100,3/11/11,6/7/11,,3.36,2300,small tail
Rcap-,973,Rcap3,3,2/25/11,2011,100,3/11/11,6/7/11,,4,2300,
Rcap-,1009,Rcap3,3,2/25/11,2011,100,3/11/11,6/8/11,,4.2,2300,tail nub
Rcap-,1010,Rcap3,3,2/25/11,2011,100,3/11/11,6/8/11,,3.73,2300,tail nub
Rcap-,1011,Rcap3,3,2/25/11,2011,100,3/11/11,6/8/11,,4.37,2300,tail nub
Rcap-,1012,Rcap3,3,2/25/11,2011,100,3/11/11,6/8/11,,3.99,2300,tail nub
Rcap-,1013,Rcap3,3,2/25/11,2011,100,3/11/11,6/8/11,,4.61,2300,tail nub
Rcap-,1037,Rcap3,3,2/25/11,2011,100,3/11/11,6/9/11,,3.61,2300,
Rcap-,1038,Rcap3,3,2/25/11,2011,100,3/11/11,6/9/11,,4.4,2300,
Rcap-,1067,Rcap3,3,2/25/11,2011,100,3/11/11,6/10/11,,3.49,2300,small tail
Rcap-,1108,Rcap3,3,2/25/11,2011,100,3/11/11,6/12/11,,3.87,2300,small tail
Rcap-,1109,Rcap3,3,2/25/11,2011,100,3/11/11,6/12/11,,3.14,2300,
Rcap-,1110,Rcap3,3,2/25/11,2011,100,3/11/11,6/12/11,,4.52,2300,
Rcap-,1141,Rcap3,3,2/25/11,2011,100,3/11/11,6/13/11,,3.97,2300,
Rcap-,1142,Rcap3,3,2/25/11,2011,100,3/11/11,6/13/11,,4.32,2300,
Rcap-,1161,Rcap3,3,2/25/11,2011,100,3/11/11,6/14/11,,4.15,2300,
Rcap-,1162,Rcap3,3,2/25/11,2011,100,3/11/11,6/14/11,,4.05,2300,
Rcap-,1181,Rcap3,3,2/25/11,2011,100,3/11/11,6/15/11,,3.89,2300,
Rcap-,1182,Rcap3,3,2/25/11,2011,100,3/11/11,6/15/11,,4.08,2300,
Rcap-,1251,Rcap3,3,2/25/11,2011,100,3/11/11,6/21/11,,4.16,2300,
Rcap-,1252,Rcap3,3,2/25/11,2011,100,3/11/11,6/21/11,,3.67,2300,
Rcap-,1253,Rcap3,3,2/25/11,2011,100,3/11/11,6/21/11,,5.03,2300,
Rcap-,1254,Rcap3,3,2/25/11,2011,100,3/11/11,6/21/11,,9.71,na,"bloated one we noticed 6/17, giving to SCWDS"
Rcap-,1255,Rcap3,3,2/25/11,2011,100,3/11/11,6/21/11,,3.92,2300,
Rcap-,1256,Rcap3,3,2/25/11,2011,100,3/11/11,6/21/11,,4.73,2300,
Rcap-,1257,Rcap3,3,2/25/11,2011,100,3/11/11,6/21/11,,4.87,2300,
Rcap-,1258,Rcap3,3,2/25/11,2011,100,3/11/11,6/21/11,,3.77,2300,
Rcap-,1279,Rcap3,3,2/25/11,2011,100,3/11/11,6/23/11,,5.3,2300,
Rcap-,1280,Rcap3,3,2/25/11,2011,100,3/11/11,6/23/11,,5.96,2300,
Rcap-,1293,Rcap3,3,2/25/11,2011,100,3/11/11,6/24/11,,5.28,2300,
Rcap-,1294,Rcap3,3,2/25/11,2011,100,3/11/11,6/24/11,,5.23,2300,tail nub
Rcap-,1299,Rcap3,3,2/25/11,2011,100,3/11/11,6/27/11,,4.48,2300,
Rcap-,1300,Rcap3,3,2/25/11,2011,100,3/11/11,6/27/11,,4.55,2300,
Rcap-,1301,Rcap3,3,2/25/11,2011,100,3/11/11,6/27/11,,5.1,2300,small tail remaining
Rcap-,1302,Rcap3,3,2/25/11,2011,100,3/11/11,6/27/11,,5,2300,
Rcap-,1327,Rcap3,3,2/25/11,2011,100,3/11/11,6/29/11,,4.08,2300,
Rcap-,1328,Rcap3,3,2/25/11,2011,100,3/11/11,6/29/11,,5.44,2300,
Rcap-,1329,Rcap3,3,2/25/11,2011,100,3/11/11,6/29/11,,5.01,2300,
Rcap-,1339,Rcap3,3,2/25/11,2011,100,3/11/11,7/1/11,,4.3,2300,
Rcap-,1360,Rcap3,3,2/25/11,2011,100,3/11/11,7/6/11,,6.24,2300,
Rcap-,851,Rcap1,4,2/25/11,2011,100,3/11/11,6/2/11,,4.2,na,dead in tank
Rcap-,852,Rcap1,4,2/25/11,2011,100,3/11/11,6/2/11,,4.87,na,dead in tank
Rcap-,895,Rcap1,4,2/25/11,2011,100,3/11/11,6/4/11,,4.33,na,preserved in 95% EtOH
Rcap-,896,Rcap1,4,2/25/11,2011,100,3/11/11,6/4/11,,3.74,B85,"tail remains, B84 was lost"
Rcap-,897,Rcap1,4,2/25/11,2011,100,3/11/11,6/4/11,,4.7,B86,"severe bend in spine, tail remains"
Rcap-,898,Rcap1,4,2/25/11,2011,100,3/11/11,6/4/11,,4.17,B87,
Rcap-,917,Rcap1,4,2/25/11,2011,100,3/11/11,6/5/11,,4.96,na,dead in tank
Rcap-,918,Rcap1,4,2/25/11,2011,100,3/11/11,6/5/11,,3.41,na,dead in tank
Rcap-,919,Rcap1,4,2/25/11,2011,100,3/11/11,6/5/11,,4.95,na,dead in tank
Rcap-,920,Rcap1,4,2/25/11,2011,100,3/11/11,6/5/11,,4.63,C07,small tail
Rcap-,921,Rcap1,4,2/25/11,2011,100,3/11/11,6/5/11,,4.33,C08,small tail
Rcap-,922,Rcap1,4,2/25/11,2011,100,3/11/11,6/5/11,,3.57,C09,small tail
Rcap-,923,Rcap1,4,2/25/11,2011,100,3/11/11,6/5/11,,4.41,C10,small tail
Rcap-,948,Rcap1,4,2/25/11,2011,100,3/11/11,6/6/11,,3.17,C34,small tail remains
Rcap-,949,Rcap1,4,2/25/11,2011,100,3/11/11,6/6/11,,2.84,C35,
Rcap-,950,Rcap1,4,2/25/11,2011,100,3/11/11,6/6/11,,3.57,C36,
Rcap-,951,Rcap1,4,2/25/11,2011,100,3/11/11,6/6/11,,3.55,C37,
Rcap-,974,Rcap1,4,2/25/11,2011,100,3/11/11,6/7/11,,4.09,na,"dead in tank, preserved in EtOH"
Rcap-,975,Rcap1,4,2/25/11,2011,100,3/11/11,6/7/11,,3.32,na,"dead in tank, preserved in EtOH"
Rcap-,976,Rcap1,4,2/25/11,2011,100,3/11/11,6/7/11,,3.67,2300,
Rcap-,977,Rcap1,4,2/25/11,2011,100,3/11/11,6/7/11,,3.29,2300,small tail
Rcap-,978,Rcap1,4,2/25/11,2011,100,3/11/11,6/7/11,,3.31,2300,small tail
Rcap-,979,Rcap1,4,2/25/11,2011,100,3/11/11,6/7/11,,3.48,2300,tail nub
Rcap-,1014,Rcap1,4,2/25/11,2011,100,3/11/11,6/8/11,,4.64,2300,small tail
Rcap-,1015,Rcap1,4,2/25/11,2011,100,3/11/11,6/8/11,,3.95,2300,
Rcap-,1016,Rcap1,4,2/25/11,2011,100,3/11/11,6/8/11,,4.11,2300,
Rcap-,1039,Rcap1,4,2/25/11,2011,100,3/11/11,6/9/11,,3.87,2300,tail nub
Rcap-,1040,Rcap1,4,2/25/11,2011,100,3/11/11,6/9/11,,4.05,2300,tail nub
Rcap-,1041,Rcap1,4,2/25/11,2011,100,3/11/11,6/9/11,,4,2300,
Rcap-,1042,Rcap1,4,2/25/11,2011,100,3/11/11,6/9/11,,3.09,2300,
Rcap-,1043,Rcap1,4,2/25/11,2011,100,3/11/11,6/9/11,,3.36,2300,
Rcap-,1068,Rcap1,4,2/25/11,2011,100,3/11/11,6/10/11,,4.27,2300,small tail
Rcap-,1069,Rcap1,4,2/25/11,2011,100,3/11/11,6/11/11,,3.97,2300,small tail
Rcap-,1070,Rcap1,4,2/25/11,2011,100,3/11/11,6/12/11,,3.6,2300,
Rcap-,1094,Rcap1,4,2/25/11,2011,100,3/11/11,6/11/11,,3.62,2300,tail nub
Rcap-,1111,Rcap1,4,2/25/11,2011,100,3/11/11,6/12/11,,3.86,2300,
Rcap-,1112,Rcap1,4,2/25/11,2011,100,3/11/11,6/12/11,,3.56,2300,
Rcap-,1113,Rcap1,4,2/25/11,2011,100,3/11/11,6/12/11,,2.95,2300,
Rcap-,1114,Rcap1,4,2/25/11,2011,100,3/11/11,6/12/11,,3.31,2300,
Rcap-,1115,Rcap1,4,2/25/11,2011,100,3/11/11,6/12/11,,4.13,2300,
Rcap-,1116,Rcap1,4,2/25/11,2011,100,3/11/11,6/12/11,,3.6,2300,
Rcap-,1117,Rcap1,4,2/25/11,2011,100,3/11/11,6/12/11,,4.2,2300,small tail
Rcap-,1143,Rcap1,4,2/25/11,2011,100,3/11/11,6/13/11,,3.43,2300,
Rcap-,1144,Rcap1,4,2/25/11,2011,100,3/11/11,6/13/11,,3.39,2300,
Rcap-,1145,Rcap1,4,2/25/11,2011,100,3/11/11,6/13/11,,3.7,2300,
Rcap-,1146,Rcap1,4,2/25/11,2011,100,3/11/11,6/13/11,,3.91,2300,
Rcap-,1147,Rcap1,4,2/25/11,2011,100,3/11/11,6/13/11,,3.7,2300,
Rcap-,1163,Rcap1,4,2/25/11,2011,100,3/11/11,6/14/11,,3.75,2300,
Rcap-,1164,Rcap1,4,2/25/11,2011,100,3/11/11,6/14/11,,4.31,2300,
Rcap-,1165,Rcap1,4,2/25/11,2011,100,3/11/11,6/14/11,,3.3,2300,
Rcap-,1183,Rcap1,4,2/25/11,2011,100,3/11/11,6/15/11,,4.68,2300,tail nub
Rcap-,1184,Rcap1,4,2/25/11,2011,100,3/11/11,6/15/11,,4.04,2300,tail nub
Rcap-,1193,Rcap1,4,2/25/11,2011,100,3/11/11,6/16/11,,4.41,2300,tail nub
Rcap-,1194,Rcap1,4,2/25/11,2011,100,3/11/11,6/16/11,,4.83,2300,tail nub
Rcap-,1195,Rcap1,4,2/25/11,2011,100,3/11/11,6/16/11,,3.68,2300,
Rcap-,1196,Rcap1,4,2/25/11,2011,100,3/11/11,6/16/11,,3.68,2300,
Rcap-,1207,Rcap1,4,2/25/11,2011,100,3/11/11,6/17/11,,4.9,2300,tail nub
Rcap-,1208,Rcap1,4,2/25/11,2011,100,3/11/11,6/17/11,,5.15,2300,
Rcap-,1209,Rcap1,4,2/25/11,2011,100,3/11/11,6/17/11,,4.59,2300,
Rcap-,1210,Rcap1,4,2/25/11,2011,100,3/11/11,6/17/11,,4.39,2300,
Rcap-,1224,Rcap1,4,2/25/11,2011,100,3/11/11,6/18/11,,3.6,2300,
Rcap-,1225,Rcap1,4,2/25/11,2011,100,3/11/11,6/18/11,,4.11,2300,
Rcap-,1234,Rcap1,4,2/25/11,2011,100,3/11/11,6/19/11,,4.46,2300,
Rcap-,1235,Rcap1,4,2/25/11,2011,100,3/11/11,6/19/11,,4.37,2300,
Rcap-,1259,Rcap1,4,2/25/11,2011,100,3/11/11,6/21/11,,5.39,2300,
Rcap-,1281,Rcap1,4,2/25/11,2011,100,3/11/11,6/23/11,,6.27,2300,
Rcap-,1303,Rcap1,4,2/25/11,2011,100,3/11/11,6/27/11,,5.46,2300,
Rcap-,1304,Rcap1,4,2/25/11,2011,100,3/11/11,6/27/11,,6.46,2300,
Rcap-,899,Rcap5,5,2/25/11,2011,100,3/11/11,6/4/11,,3.99,B88,small tail remains
Rcap-,900,Rcap5,5,2/25/11,2011,100,3/11/11,6/4/11,,3.89,B89,
Rcap-,952,Rcap5,5,2/25/11,2011,100,3/11/11,6/6/11,,4.66,C38,"small tail, also batch clipped 2300"
Rcap-,953,Rcap5,5,2/25/11,2011,100,3/11/11,6/6/11,,3.79,C39,
Rcap-,954,Rcap5,5,2/25/11,2011,100,3/11/11,6/6/11,,3.57,C40,
Rcap-,955,Rcap5,5,2/25/11,2011,100,3/11/11,6/6/11,,3.46,C41,small tail
Rcap-,980,Rcap5,5,2/25/11,2011,100,3/11/11,6/7/11,,4.18,2300,small tail
Rcap-,981,Rcap5,5,2/25/11,2011,100,3/11/11,6/7/11,,3.58,2300,
Rcap-,982,Rcap5,5,2/25/11,2011,100,3/11/11,6/7/11,,4.39,2300,small tail
Rcap-,983,Rcap5,5,2/25/11,2011,100,3/11/11,6/7/11,,3.66,2300,tail nub
Rcap-,984,Rcap5,5,2/25/11,2011,100,3/11/11,6/7/11,,3.69,2300,small tail
Rcap-,985,Rcap5,5,2/25/11,2011,100,3/11/11,6/7/11,,2.7,2300,small tail
Rcap-,986,Rcap5,5,2/25/11,2011,100,3/11/11,6/7/11,,3.14,2300,small tail
Rcap-,987,Rcap5,5,2/25/11,2011,100,3/11/11,6/7/11,,4.21,2300,small tail
Rcap-,988,Rcap5,5,2/25/11,2011,100,3/11/11,6/7/11,,3.09,2300,small tail
Rcap-,989,Rcap5,5,2/25/11,2011,100,3/11/11,6/7/11,,4.43,2300,small tail
Rcap-,1017,Rcap5,5,2/25/11,2011,100,3/11/11,6/8/11,,4.14,2300,
Rcap-,1018,Rcap5,5,2/25/11,2011,100,3/11/11,6/8/11,,3.22,2300,small tail
Rcap-,1019,Rcap5,5,2/25/11,2011,100,3/11/11,6/8/11,,3.84,2300,tail nub
Rcap-,1020,Rcap5,5,2/25/11,2011,100,3/11/11,6/8/11,,3.2,2300,tail nub
Rcap-,1044,Rcap5,5,2/25/11,2011,100,3/11/11,6/9/11,,3.34,2300,tail nub
Rcap-,1045,Rcap5,5,2/25/11,2011,100,3/11/11,6/9/11,,3.88,2300,tail nub
Rcap-,1046,Rcap5,5,2/25/11,2011,100,3/11/11,6/9/11,,3.39,2300,
Rcap-,1047,Rcap5,5,2/25/11,2011,100,3/11/11,6/9/11,,4.1,2300,
Rcap-,1048,Rcap5,5,2/25/11,2011,100,3/11/11,6/9/11,,3.18,2300,tail nub
Rcap-,1071,Rcap5,5,2/25/11,2011,100,3/11/11,6/10/11,,3.38,2300,tail nub
Rcap-,1072,Rcap5,5,2/25/11,2011,100,3/11/11,6/10/11,,3.3,2300,
Rcap-,1073,Rcap5,5,2/25/11,2011,100,3/11/11,6/10/11,,3.63,2300,
Rcap-,1074,Rcap5,5,2/25/11,2011,100,3/11/11,6/10/11,,2.96,2300,
Rcap-,1075,Rcap5,5,2/25/11,2011,100,3/11/11,6/10/11,,4.21,2300,somewhat bloated or just fat
Rcap-,1095,Rcap5,5,2/25/11,2011,100,3/11/11,6/11/11,,3.91,2300,small tail
Rcap-,1118,Rcap5,5,2/25/11,2011,100,3/11/11,6/12/11,,3.49,2300,small tail
Rcap-,1119,Rcap5,5,2/25/11,2011,100,3/11/11,6/12/11,,3.04,2300,tail nub
Rcap-,1120,Rcap5,5,2/25/11,2011,100,3/11/11,6/12/11,,3.58,2300,
Rcap-,1121,Rcap5,5,2/25/11,2011,100,3/11/11,6/12/11,,3.81,2300,
Rcap-,1122,Rcap5,5,2/25/11,2011,100,3/11/11,6/12/11,,3.42,2300,
Rcap-,1148,Rcap5,5,2/25/11,2011,100,3/11/11,6/13/11,,4.25,2300,
Rcap-,1149,Rcap5,5,2/25/11,2011,100,3/11/11,6/13/11,,4.27,2300,
Rcap-,1166,Rcap5,5,2/25/11,2011,100,3/11/11,6/14/11,,3.57,2300,
Rcap-,1167,Rcap5,5,2/25/11,2011,100,3/11/11,6/14/11,,3.28,2300,
Rcap-,1168,Rcap5,5,2/25/11,2011,100,3/11/11,6/14/11,,3.75,2300,
Rcap-,1169,Rcap5,5,2/25/11,2011,100,3/11/11,6/14/11,,3.07,2300,
Rcap-,1185,Rcap5,5,2/25/11,2011,100,3/11/11,6/15/11,,3.47,2300,tail nub
Rcap-,1197,Rcap5,5,2/25/11,2011,100,3/11/11,6/16/11,,3.81,2300,tail nub
Rcap-,1198,Rcap5,5,2/25/11,2011,100,3/11/11,6/16/11,,3.39,2300,tail nub
Rcap-,1199,Rcap5,5,2/25/11,2011,100,3/11/11,6/16/11,,3.47,2300,
Rcap-,1211,Rcap5,5,2/25/11,2011,100,3/11/11,6/17/11,,3.98,2300,small tail
Rcap-,1212,Rcap5,5,2/25/11,2011,100,3/11/11,6/17/11,,3.26,2300,tail nub
Rcap-,1213,Rcap5,5,2/25/11,2011,100,3/11/11,6/17/11,,3.27,2300,
Rcap-,1214,Rcap5,5,2/25/11,2011,100,3/11/11,6/17/11,,3.38,2300,
Rcap-,1236,Rcap5,5,2/25/11,2011,100,3/11/11,6/19/11,,3.85,2300,
Rcap-,1237,Rcap5,5,2/25/11,2011,100,3/11/11,6/19/11,,4.25,2300,
Rcap-,1238,Rcap5,5,2/25/11,2011,100,3/11/11,6/19/11,,3.7,2300,
Rcap-,1239,Rcap5,5,2/25/11,2011,100,3/11/11,6/19/11,,3.7,2300,
Rcap-,1260,Rcap5,5,2/25/11,2011,100,3/11/11,6/21/11,,3.05,2300,
Rcap-,1261,Rcap5,5,2/25/11,2011,100,3/11/11,6/21/11,,3.61,2300,
Rcap-,1262,Rcap5,5,2/25/11,2011,100,3/11/11,6/21/11,,2.91,2300,
Rcap-,1263,Rcap5,5,2/25/11,2011,100,3/11/11,6/21/11,,3.23,2300,
Rcap-,1264,Rcap5,5,2/25/11,2011,100,3/11/11,6/21/11,,2.87,2300,
Rcap-,1265,Rcap5,5,2/25/11,2011,100,3/11/11,6/21/11,,2.48,2300,
Rcap-,1266,Rcap5,5,2/25/11,2011,100,3/11/11,6/21/11,,3.32,2300,
Rcap-,1267,Rcap5,5,2/25/11,2011,100,3/11/11,6/21/11,,3.17,2300,
Rcap-,1282,Rcap5,5,2/25/11,2011,100,3/11/11,6/23/11,,3.7,2300,
Rcap-,1283,Rcap5,5,2/25/11,2011,100,3/11/11,6/23/11,,2.8,2300,
Rcap-,1284,Rcap5,5,2/25/11,2011,100,3/11/11,6/23/11,,4.05,2300,
Rcap-,1295,Rcap5,5,2/25/11,2011,100,3/11/11,6/24/11,,4.99,2300,tail nub
Rcap-,1305,Rcap5,5,2/25/11,2011,100,3/11/11,6/27/11,,4.3,2300,
Rcap-,1306,Rcap5,5,2/25/11,2011,100,3/11/11,6/27/11,,3.1,2300,
Rcap-,1307,Rcap5,5,2/25/11,2011,100,3/11/11,6/27/11,,3.85,2300,
Rcap-,1308,Rcap5,5,2/25/11,2011,100,3/11/11,6/27/11,,3.67,2300,
Rcap-,1309,Rcap5,5,2/25/11,2011,100,3/11/11,6/27/11,,3.34,2300,
Rcap-,1310,Rcap5,5,2/25/11,2011,100,3/11/11,6/27/11,,3.66,2300,
Rcap-,1311,Rcap5,5,2/25/11,2011,100,3/11/11,6/27/11,,3.2,2300,
Rcap-,1312,Rcap5,5,2/25/11,2011,100,3/11/11,6/27/11,,3.92,2300,
Rcap-,1313,Rcap5,5,2/25/11,2011,100,3/11/11,6/27/11,,4.03,2300,
Rcap-,1330,Rcap5,5,2/25/11,2011,100,3/11/11,6/29/11,,4.3,2300,
Rcap-,1340,Rcap5,5,2/25/11,2011,100,3/11/11,7/1/11,,4.48,2300,tail nub
Rcap-,1348,Rcap5,5,2/25/11,2011,100,3/11/11,7/4/11,,4.35,2300,
Rcap-,1349,Rcap5,5,2/25/11,2011,100,3/11/11,7/4/11,,4.15,2300,
Rcap-,1350,Rcap5,5,2/25/11,2011,100,3/11/11,7/4/11,,3.91,2300,
Rcap-,1351,Rcap5,5,2/25/11,2011,100,3/11/11,7/4/11,,3.74,2300,
Rcap-,1361,Rcap5,5,2/25/11,2011,100,3/11/11,7/6/11,,4.12,2300,
Rcap-,1366,Rcap5,5,2/25/11,2011,100,3/11/11,7/9/11,,4.07,2300,
Rcap-,1367,Rcap5,5,2/25/11,2011,100,3/11/11,7/9/11,,4.02,2300,
Rcap-,1368,Rcap5,5,2/25/11,2011,100,3/11/11,7/9/11,,4.66,2300,
Rcap-,1371,Rcap5,5,2/25/11,2011,100,3/11/11,7/15/11,,3.3,2300,
Rcap-,1372,Rcap5,5,2/25/11,2011,100,3/11/11,7/15/11,,4.28,2300,
Rcap-,1373,Rcap5,5,2/25/11,2011,100,3/11/11,7/15/11,,3.75,2300,
Rcap-,1374,Rcap5,5,2/25/11,2011,100,3/11/11,7/15/11,,3.93,2300,
Rcap-,1375,Rcap5,5,2/25/11,2011,100,3/11/11,7/15/11,,5.1,2300,
Rcap-,1376,Rcap5,5,2/25/11,2011,100,3/11/11,7/15/11,,3.69,2300,
Rcap-,1384,Rcap5,5,2/25/11,2011,100,3/11/11,7/18/11,,4.95,2300,
Rcap-,1385,Rcap5,5,2/25/11,2011,100,3/11/11,7/20/11,,4.35,2300,
Rcap-,1386,Rcap5,5,2/25/11,2011,100,3/11/11,7/20/11,,4.65,2300,
Rcap-,1389,Rcap5,5,2/25/11,2011,100,3/11/11,7/21/11,,4.87,2300,
Rcap-,1390,Rcap5,5,2/25/11,2011,100,3/11/11,7/25/11,,5.2,2300,
Rcap-,901,Rcap6,6,2/25/11,2011,100,3/11/11,6/4/11,,3.58,B90,tail remains
Rcap-,902,Rcap6,6,2/25/11,2011,100,3/11/11,6/4/11,,3.99,B91,
Rcap-,903,Rcap6,6,2/25/11,2011,100,3/11/11,6/4/11,,3.33,B92,
Rcap-,924,Rcap6,6,2/25/11,2011,100,3/11/11,6/5/11,,3.71,C11,small tail
Rcap-,925,Rcap6,6,2/25/11,2011,100,3/11/11,6/5/11,,3.31,C12,
Rcap-,926,Rcap6,6,2/25/11,2011,100,3/11/11,6/5/11,,3.67,C13,small tail
Rcap-,927,Rcap6,6,2/25/11,2011,100,3/11/11,6/5/11,,2.95,C14,small tail
Rcap-,928,Rcap6,6,2/25/11,2011,100,3/11/11,6/5/11,,3.95,C15,small tail
Rcap-,929,Rcap6,6,2/25/11,2011,100,3/11/11,6/5/11,,3.29,C16,small tail
Rcap-,930,Rcap6,6,2/25/11,2011,100,3/11/11,6/5/11,,3.67,C17,small tail
Rcap-,956,Rcap6,6,2/25/11,2011,100,3/11/11,6/6/11,,2.97,C42,"small tail, also batch clipped 2300"
Rcap-,957,Rcap6,6,2/25/11,2011,100,3/11/11,6/6/11,,4.39,C43,small tail
Rcap-,958,Rcap6,6,2/25/11,2011,100,3/11/11,6/6/11,,3.94,C44,small tail
Rcap-,959,Rcap6,6,2/25/11,2011,100,3/11/11,6/6/11,,3.31,C45,"tail nub, also batch clipped 2300"
Rcap-,960,Rcap6,6,2/25/11,2011,100,3/11/11,6/6/11,,2.86,2300,tail remains
Rcap-,961,Rcap6,6,2/25/11,2011,100,3/11/11,6/6/11,,3.17,2300,
Rcap-,962,Rcap6,6,2/25/11,2011,100,3/11/11,6/6/11,,3.47,2300,
Rcap-,963,Rcap6,6,2/25/11,2011,100,3/11/11,6/6/11,,3.04,2300,
Rcap-,990,Rcap6,6,2/25/11,2011,100,3/11/11,6/7/11,,3.94,2300,tail nub
Rcap-,991,Rcap6,6,2/25/11,2011,100,3/11/11,6/7/11,,3.91,2300,
Rcap-,992,Rcap6,6,2/25/11,2011,100,3/11/11,6/7/11,,3.52,2300,
Rcap-,993,Rcap6,6,2/25/11,2011,100,3/11/11,6/7/11,,3.32,2300,tail nub
Rcap-,994,Rcap6,6,2/25/11,2011,100,3/11/11,6/7/11,,3.07,2300,small tail
Rcap-,995,Rcap6,6,2/25/11,2011,100,3/11/11,6/7/11,,3.42,2300,tail nub
Rcap-,996,Rcap6,6,2/25/11,2011,100,3/11/11,6/7/11,,2.9,2300,tail nub
Rcap-,1021,Rcap6,6,2/25/11,2011,100,3/11/11,6/8/11,,3.17,2300,tail nub
Rcap-,1022,Rcap6,6,2/25/11,2011,100,3/11/11,6/8/11,,2.65,2300,
Rcap-,1023,Rcap6,6,2/25/11,2011,100,3/11/11,6/8/11,,3.47,2300,small tail
Rcap-,1024,Rcap6,6,2/25/11,2011,100,3/11/11,6/8/11,,2.94,2300,small tail
Rcap-,1025,Rcap6,6,2/25/11,2011,100,3/11/11,6/8/11,,3.43,2300,small tail
Rcap-,1026,Rcap6,6,2/25/11,2011,100,3/11/11,6/8/11,,3.95,2300,small tail
Rcap-,1027,Rcap6,6,2/25/11,2011,100,3/11/11,6/8/11,,3.11,2300,
Rcap-,1049,Rcap6,6,2/25/11,2011,100,3/11/11,6/9/11,,3.36,2300,
Rcap-,1050,Rcap6,6,2/25/11,2011,100,3/11/11,6/9/11,,2.9,2300,tail nub
Rcap-,1051,Rcap6,6,2/25/11,2011,100,3/11/11,6/9/11,,3.11,2300,
Rcap-,1052,Rcap6,6,2/25/11,2011,100,3/11/11,6/9/11,,2.91,2300,small tail
Rcap-,1053,Rcap6,6,2/25/11,2011,100,3/11/11,6/9/11,,2.76,2300,
Rcap-,1054,Rcap6,6,2/25/11,2011,100,3/11/11,6/9/11,,3.51,2300,tail nub
Rcap-,1055,Rcap6,6,2/25/11,2011,100,3/11/11,6/9/11,,2.58,2300,
Rcap-,1076,Rcap6,6,2/25/11,2011,100,3/11/11,6/10/11,,2.46,2300,
Rcap-,1077,Rcap6,6,2/25/11,2011,100,3/11/11,6/10/11,,3.39,2300,
Rcap-,1078,Rcap6,6,2/25/11,2011,100,3/11/11,6/10/11,,2.87,2300,
Rcap-,1079,Rcap6,6,2/25/11,2011,100,3/11/11,6/10/11,,3.6,2300,
Rcap-,1096,Rcap6,6,2/25/11,2011,100,3/11/11,6/11/11,,3.83,2300,
Rcap-,1097,Rcap6,6,2/25/11,2011,100,3/11/11,6/11/11,,2.83,2300,tail nub
Rcap-,1098,Rcap6,6,2/25/11,2011,100,3/11/11,6/11/11,,3.47,2300,small tail
Rcap-,1099,Rcap6,6,2/25/11,2011,100,3/11/11,6/11/11,,2.59,2300,small tail
Rcap-,1100,Rcap6,6,2/25/11,2011,100,3/11/11,6/11/11,,3.95,2300,small tail
Rcap-,1101,Rcap6,6,2/25/11,2011,100,3/11/11,6/11/11,,3.29,2300,tail nub
Rcap-,1123,Rcap6,6,2/25/11,2011,100,3/11/11,6/12/11,,3.08,2300,small tail
Rcap-,1124,Rcap6,6,2/25/11,2011,100,3/11/11,6/12/11,,3.12,2300,tail nub
Rcap-,1125,Rcap6,6,2/25/11,2011,100,3/11/11,6/12/11,,2.99,2300,tail nub
Rcap-,1126,Rcap6,6,2/25/11,2011,100,3/11/11,6/12/11,,3.11,2300,
Rcap-,1127,Rcap6,6,2/25/11,2011,100,3/11/11,6/12/11,,2.75,2300,
Rcap-,1128,Rcap6,6,2/25/11,2011,100,3/11/11,6/12/11,,3.49,2300,
Rcap-,1129,Rcap6,6,2/25/11,2011,100,3/11/11,6/12/11,,3.07,2300,
Rcap-,1130,Rcap6,6,2/25/11,2011,100,3/11/11,6/12/11,,3.36,2300,
Rcap-,1150,Rcap6,6,2/25/11,2011,100,3/11/11,6/13/11,,3.3,2300,
Rcap-,1151,Rcap6,6,2/25/11,2011,100,3/11/11,6/13/11,,3.49,2300,
Rcap-,1170,Rcap6,6,2/25/11,2011,100,3/11/11,6/14/11,,2.53,2300,
Rcap-,1171,Rcap6,6,2/25/11,2011,100,3/11/11,6/14/11,,3.08,2300,
Rcap-,1172,Rcap6,6,2/25/11,2011,100,3/11/11,6/14/11,,2.73,2300,
Rcap-,1186,Rcap6,6,2/25/11,2011,100,3/11/11,6/15/11,,3.52,2300,tail nub
Rcap-,1187,Rcap6,6,2/25/11,2011,100,3/11/11,6/15/11,,3.49,2300,
Rcap-,1188,Rcap6,6,2/25/11,2011,100,3/11/11,6/15/11,,3.11,2300,
Rcap-,1189,Rcap6,6,2/25/11,2011,100,3/11/11,6/15/11,,2.8,2300,
Rcap-,1200,Rcap6,6,2/25/11,2011,100,3/11/11,6/16/11,,3.99,2300,
Rcap-,1201,Rcap6,6,2/25/11,2011,100,3/11/11,6/16/11,,3.66,2300,
Rcap-,1215,Rcap6,6,2/25/11,2011,100,3/11/11,6/17/11,,3.99,2300,small tail
Rcap-,1216,Rcap6,6,2/25/11,2011,100,3/11/11,6/17/11,,3.63,2300,small tail
Rcap-,1217,Rcap6,6,2/25/11,2011,100,3/11/11,6/17/11,,3.89,2300,small tail
Rcap-,1226,Rcap6,6,2/25/11,2011,100,3/11/11,6/18/11,,3.06,2300,
Rcap-,1227,Rcap6,6,2/25/11,2011,100,3/11/11,6/18/11,,3.24,2300,tail nub
Rcap-,1268,Rcap6,6,2/25/11,2011,100,3/11/11,6/21/11,,3.87,2300,
Rcap-,1269,Rcap6,6,2/25/11,2011,100,3/11/11,6/21/11,,3.85,2300,
Rcap-,1285,Rcap6,6,2/25/11,2011,100,3/11/11,6/23/11,,3.81,na,DOA; preserved in 95% EtOH
Rcap-,1286,Rcap6,6,2/25/11,2011,100,3/11/11,6/23/11,,4.13,2300,
Rcap-,1296,Rcap6,6,2/25/11,2011,100,3/11/11,6/24/11,,4.23,2300,
Rcap-,1314,Rcap6,6,2/25/11,2011,100,3/11/11,6/27/11,,4.13,2300,
Rcap-,1315,Rcap6,6,2/25/11,2011,100,3/11/11,6/27/11,,3.06,2300,
Rcap-,1331,Rcap6,6,2/25/11,2011,100,3/11/11,6/29/11,,5.29,2300,
Rcap-,1341,Rcap6,6,2/25/11,2011,100,3/11/11,7/1/11,,4.01,2300,
Rcap-,1342,Rcap6,6,2/25/11,2011,100,3/11/11,7/1/11,,3.99,2300,noticeable curvature on right side
Rcap-,1352,Rcap6,6,2/25/11,2011,100,3/11/11,7/4/11,,4.65,2300,
Rcap-,1353,Rcap6,6,2/25/11,2011,100,3/11/11,7/4/11,,4.06,2300,
Rcap-,1354,Rcap6,6,2/25/11,2011,100,3/11/11,7/4/11,,4.89,2300,
Rcap-,1355,Rcap6,6,2/25/11,2011,100,3/11/11,7/4/11,,4.59,2300,
Rcap-,1369,Rcap6,6,2/25/11,2011,100,3/11/11,7/9/11,,6.5,2300,"lethargic, red legs"
Rcap-,1370,Rcap6,6,2/25/11,2011,100,3/11/11,7/9/11,,4.44,2300,
Rcap-,1391,Rcap6,6,2/25/11,2011,100,3/11/11,7/25/11,,6.9,2300,
Rcap-,874,Rcap4,7,2/25/11,2011,100,3/11/11,6/3/11,,4.66,B66,
Rcap-,904,Rcap4,7,2/25/11,2011,100,3/11/11,6/4/11,,4.09,B93,
Rcap-,905,Rcap4,7,2/25/11,2011,100,3/11/11,6/4/11,,3.62,B94,
Rcap-,931,Rcap4,7,2/25/11,2011,100,3/11/11,6/5/11,,4.12,C18,small tail
Rcap-,932,Rcap4,7,2/25/11,2011,100,3/11/11,6/5/11,,3.84,C19,
Rcap-,964,Rcap4,7,2/25/11,2011,100,3/11/11,6/6/11,,3.83,2300,
Rcap-,965,Rcap4,7,2/25/11,2011,100,3/11/11,6/6/11,,3.08,2300,small tail
Rcap-,966,Rcap4,7,2/25/11,2011,100,3/11/11,6/6/11,,3.61,2300,
Rcap-,967,Rcap4,7,2/25/11,2011,100,3/11/11,6/6/11,,3.4,2300,small tail
Rcap-,997,Rcap4,7,2/25/11,2011,100,3/11/11,6/7/11,,2.85,2300,
Rcap-,998,Rcap4,7,2/25/11,2011,100,3/11/11,6/7/11,,3.31,2300,small tail
Rcap-,999,Rcap4,7,2/25/11,2011,100,3/11/11,6/7/11,,3.18,2300,small tail
Rcap-,1000,Rcap4,7,2/25/11,2011,100,3/11/11,6/7/11,,3.97,2300,small tail
Rcap-,1001,Rcap4,7,2/25/11,2011,100,3/11/11,6/7/11,,3.3,2300,tail nub
Rcap-,1028,Rcap4,7,2/25/11,2011,100,3/11/11,6/8/11,,2.95,2300,
Rcap-,1029,Rcap4,7,2/25/11,2011,100,3/11/11,6/8/11,,3.72,2300,small tail
Rcap-,1056,Rcap4,7,2/25/11,2011,100,3/11/11,6/9/11,,3.46,2300,
Rcap-,1057,Rcap4,7,2/25/11,2011,100,3/11/11,6/9/11,,3.17,2300,tail nub
Rcap-,1058,Rcap4,7,2/25/11,2011,100,3/11/11,6/9/11,,3.95,2300,small tail
Rcap-,1059,Rcap4,7,2/25/11,2011,100,3/11/11,6/9/11,,3.74,2300,small tail
Rcap-,1080,Rcap4,7,2/25/11,2011,100,3/11/11,6/10/11,,3.65,2300,tail nub
Rcap-,1081,Rcap4,7,2/25/11,2011,100,3/11/11,6/10/11,,3.85,2300,tail nub
Rcap-,1082,Rcap4,7,2/25/11,2011,100,3/11/11,6/10/11,,3.66,2300,
Rcap-,1083,Rcap4,7,2/25/11,2011,100,3/11/11,6/10/11,,3.22,2300,tail nub
Rcap-,1084,Rcap4,7,2/25/11,2011,100,3/11/11,6/10/11,,3.18,2300,tail nub
Rcap-,1102,Rcap4,7,2/25/11,2011,100,3/11/11,6/11/11,,3.32,2300,tail nub
Rcap-,1103,Rcap4,7,2/25/11,2011,100,3/11/11,6/11/11,,3.3,2300,
Rcap-,1104,Rcap4,7,2/25/11,2011,100,3/11/11,6/11/11,,3.57,2300,
Rcap-,1131,Rcap4,7,2/25/11,2011,100,3/11/11,6/12/11,,3.17,2300,
Rcap-,1132,Rcap4,7,2/25/11,2011,100,3/11/11,6/12/11,,2.89,2300,
Rcap-,1133,Rcap4,7,2/25/11,2011,100,3/11/11,6/12/11,,3.12,2300,
Rcap-,1134,Rcap4,7,2/25/11,2011,100,3/11/11,6/12/11,,2.71,2300,
Rcap-,1135,Rcap4,7,2/25/11,2011,100,3/11/11,6/12/11,,3.24,2300,
Rcap-,1136,Rcap4,7,2/25/11,2011,100,3/11/11,6/12/11,,3.69,2300,tail nub
Rcap-,1137,Rcap4,7,2/25/11,2011,100,3/11/11,6/12/11,,3.45,2300,tail nub
Rcap-,1138,Rcap4,7,2/25/11,2011,100,3/11/11,6/12/11,,3.03,2300,tail nub
Rcap-,1152,Rcap4,7,2/25/11,2011,100,3/11/11,6/13/11,,3.61,2300,small tail
Rcap-,1153,Rcap4,7,2/25/11,2011,100,3/11/11,6/13/11,,3.17,2300,tail nub
Rcap-,1154,Rcap4,7,2/25/11,2011,100,3/11/11,6/13/11,,3.71,2300,tail nub
Rcap-,1173,Rcap4,7,2/25/11,2011,100,3/11/11,6/14/11,,3.42,2300,
Rcap-,1174,Rcap4,7,2/25/11,2011,100,3/11/11,6/14/11,,3.22,2300,tail nub
Rcap-,1175,Rcap4,7,2/25/11,2011,100,3/11/11,6/14/11,,3.33,2300,tail nub
Rcap-,1190,Rcap4,7,2/25/11,2011,100,3/11/11,6/15/11,,2.96,2300,
Rcap-,1191,Rcap4,7,2/25/11,2011,100,3/11/11,6/15/11,,2.91,2300,
Rcap-,1202,Rcap4,7,2/25/11,2011,100,3/11/11,6/16/11,,3.2,2300,tail nub
Rcap-,1203,Rcap4,7,2/25/11,2011,100,3/11/11,6/16/11,,3.22,2300,
Rcap-,1218,Rcap4,7,2/25/11,2011,100,3/11/11,6/17/11,,3.45,2300,small tail
Rcap-,1219,Rcap4,7,2/25/11,2011,100,3/11/11,6/17/11,,3.4,2300,small tail
Rcap-,1220,Rcap4,7,2/25/11,2011,100,3/11/11,6/17/11,,3.64,2300,tail nub
Rcap-,1221,Rcap4,7,2/25/11,2011,100,3/11/11,6/17/11,,2.79,2300,tail nub
Rcap-,1228,Rcap4,7,2/25/11,2011,100,3/11/11,6/18/11,,3.32,2300,
Rcap-,1229,Rcap4,7,2/25/11,2011,100,3/11/11,6/18/11,,3.37,2300,
Rcap-,1240,Rcap4,7,2/25/11,2011,100,3/11/11,6/19/11,,3.38,2300,
Rcap-,1241,Rcap4,7,2/25/11,2011,100,3/11/11,6/19/11,,3.63,2300,
Rcap-,1242,Rcap4,7,2/25/11,2011,100,3/11/11,6/19/11,,3.59,2300,
Rcap-,1243,Rcap4,7,2/25/11,2011,100,3/11/11,6/19/11,,2.66,2300,
Rcap-,1244,Rcap4,7,2/25/11,2011,100,3/11/11,6/19/11,,3.23,2300,
Rcap-,1245,Rcap4,7,2/25/11,2011,100,3/11/11,6/19/11,,2.83,2300,
Rcap-,1270,Rcap4,7,2/25/11,2011,100,3/11/11,6/21/11,,3.19,na,"dead, preserved in EtOH"
Rcap-,1271,Rcap4,7,2/25/11,2011,100,3/11/11,6/21/11,,3.39,na,"dead, preserved in EtOH"
Rcap-,1272,Rcap4,7,2/25/11,2011,100,3/11/11,6/21/11,,2.66,2300,
Rcap-,1273,Rcap4,7,2/25/11,2011,100,3/11/11,6/21/11,,2.91,na,6/30/2011 when marking discovered no left foot but bone was sticking out
Rcap-,1274,Rcap4,7,2/25/11,2011,100,3/11/11,6/21/11,,3.28,2300,
Rcap-,1275,Rcap4,7,2/25/11,2011,100,3/11/11,6/21/11,,2.78,2300,
Rcap-,1276,Rcap4,7,2/25/11,2011,100,3/11/11,6/21/11,,3.58,2300,
Rcap-,1277,Rcap4,7,2/25/11,2011,100,3/11/11,6/21/11,,3.59,2300,
Rcap-,1278,Rcap4,7,2/25/11,2011,100,3/11/11,6/21/11,,4.08,2300,
Rcap-,1287,Rcap4,7,2/25/11,2011,100,3/11/11,6/23/11,,2.83,2300,
Rcap-,1288,Rcap4,7,2/25/11,2011,100,3/11/11,6/23/11,,3.97,2300,
Rcap-,1289,Rcap4,7,2/25/11,2011,100,3/11/11,6/23/11,,3.44,2300,
Rcap-,1290,Rcap4,7,2/25/11,2011,100,3/11/11,6/23/11,,4.1,2300,
Rcap-,1316,Rcap4,7,2/25/11,2011,100,3/11/11,6/27/11,,na,na,dead in tank; preserved in EtOH
Rcap-,1317,Rcap4,7,2/25/11,2011,100,3/11/11,6/27/11,,3.41,2300,
Rcap-,1318,Rcap4,7,2/25/11,2011,100,3/11/11,6/27/11,,3.77,2300,
Rcap-,1319,Rcap4,7,2/25/11,2011,100,3/11/11,6/27/11,,4.64,2300,small tail remains
Rcap-,1320,Rcap4,7,2/25/11,2011,100,3/11/11,6/27/11,,3.44,2300,
Rcap-,1321,Rcap4,7,2/25/11,2011,100,3/11/11,6/27/11,,3.62,2300,
Rcap-,1322,Rcap4,7,2/25/11,2011,100,3/11/11,6/27/11,,3.34,2300,
Rcap-,1332,Rcap4,7,2/25/11,2011,100,3/11/11,6/29/11,,3.38,2300,
Rcap-,1333,Rcap4,7,2/25/11,2011,100,3/11/11,6/29/11,,4.4,2300,
Rcap-,1334,Rcap4,7,2/25/11,2011,100,3/11/11,6/29/11,,3.92,2300,
Rcap-,1343,Rcap4,7,2/25/11,2011,100,3/11/11,7/7/11,,4.22,2300,
Rcap-,1356,Rcap4,7,2/25/11,2011,100,3/11/11,7/4/11,,4.45,2300,
Rcap-,1357,Rcap4,7,2/25/11,2011,100,3/11/11,7/4/11,,4.69,2300,
Rcap-,1358,Rcap4,7,2/25/11,2011,100,3/11/11,7/4/11,,4.15,2300,
Rcap-,1362,Rcap4,7,2/25/11,2011,100,3/11/11,7/6/11,,4.77,2300,
Rcap-,1363,Rcap4,7,2/25/11,2011,100,3/11/11,7/6/11,,3.54,na,missing right hind leg
Rcap-,1388,Rcap4,7,2/25/11,2011,100,3/11/11,7/20/11,,5.7,2300,left eye deformed-- smaller eye
Rcap-,1392,Rcap4,7,2/25/11,2011,100,3/11/11,7/25/11,,5.23,2300,missing right leg
Rcap-,322,Rcap5,5,3/14/10,2010,100,3/18/10,6/3/10,91,4.1,2200,
Rcap-,323,Rcap5,5,3/14/10,2010,100,3/18/10,6/3/10,91,4.13,2200,
Rcap-,324,Rcap5,5,3/14/10,2010,100,3/18/10,6/3/10,91,4.6,2200,
Rcap-,325,Rcap5,5,3/14/10,2010,100,3/18/10,6/3/10,91,3.06,2200,
Rcap-,326,Rcap5,5,3/14/10,2010,100,3/18/10,6/3/10,91,4.67,2200,
Rcap-,327,Rcap5,5,3/14/10,2010,100,3/18/10,6/3/10,91,4.06,2200,
Rcap-,328,Rcap5,5,3/14/10,2010,100,3/18/10,6/3/10,91,4.24,2200,
Rcap-,329,Rcap5,5,3/14/10,2010,100,3/18/10,6/3/10,91,3.24,2200,
Rcap-,330,Rcap5,5,3/14/10,2010,100,3/18/10,6/3/10,91,3.66,2200,
Rcap-,339,Rcap5,5,3/14/10,2010,100,3/18/10,6/4/10,92,4.17,2200,
Rcap-,340,Rcap5,5,3/14/10,2010,100,3/18/10,6/4/10,92,4.23,2200,
Rcap-,341,Rcap5,5,3/14/10,2010,100,3/18/10,6/4/10,92,4.41,2200,
Rcap-,342,Rcap5,5,3/14/10,2010,100,3/18/10,6/4/10,92,4.79,2200,
Rcap-,343,Rcap5,5,3/14/10,2010,100,3/18/10,6/4/10,92,3.88,2200,
Rcap-,344,Rcap5,5,3/14/10,2010,100,3/18/10,6/4/10,92,3.62,2200,
Rcap-,362,Rcap5,5,3/14/10,2010,100,3/18/10,6/6/10,94,4.52,2200,
Rcap-,363,Rcap5,5,3/14/10,2010,100,3/18/10,6/6/10,94,3.7,2200,
Rcap-,364,Rcap5,5,3/14/10,2010,100,3/18/10,6/6/10,94,4.05,2200,
Rcap-,365,Rcap5,5,3/14/10,2010,100,3/18/10,6/6/10,94,3.51,2200,
Rcap-,366,Rcap5,5,3/14/10,2010,100,3/18/10,6/6/10,94,3.52,2200,
Rcap-,367,Rcap5,5,3/14/10,2010,100,3/18/10,6/6/10,94,3.94,2200,
Rcap-,368,Rcap5,5,3/14/10,2010,100,3/18/10,6/6/10,94,4.33,2200,
Rcap-,369,Rcap5,5,3/14/10,2010,100,3/18/10,6/6/10,94,3.8,2200,
Rcap-,370,Rcap5,5,3/14/10,2010,100,3/18/10,6/6/10,94,3.87,2200,
Rcap-,371,Rcap5,5,3/14/10,2010,100,3/18/10,6/6/10,94,3.22,2200,
Rcap-,425,Rcap5,5,3/14/10,2010,100,3/18/10,6/7/10,95,3.97,2200,
Rcap-,426,Rcap5,5,3/14/10,2010,100,3/18/10,6/7/10,95,4.75,2200,
Rcap-,427,Rcap5,5,3/14/10,2010,100,3/18/10,6/7/10,95,3.73,2200,
Rcap-,428,Rcap5,5,3/14/10,2010,100,3/18/10,6/7/10,95,4.28,2200,
Rcap-,542,Rcap5,5,3/14/10,2010,100,3/18/10,6/8/10,96,4.15,2200,
Rcap-,543,Rcap5,5,3/14/10,2010,100,3/18/10,6/8/10,96,3.78,2200,
Rcap-,544,Rcap5,5,3/14/10,2010,100,3/18/10,6/8/10,96,3.59,2200,
Rcap-,545,Rcap5,5,3/14/10,2010,100,3/18/10,6/8/10,96,4.8,2200,
Rcap-,546,Rcap5,5,3/14/10,2010,100,3/18/10,6/8/10,96,4.65,2200,
Rcap-,547,Rcap5,5,3/14/10,2010,100,3/18/10,6/8/10,96,4.35,2200,
Rcap-,564,Rcap5,5,3/14/10,2010,100,3/18/10,6/9/10,97,3.75,2200,
Rcap-,565,Rcap5,5,3/14/10,2010,100,3/18/10,6/9/10,97,3.63,2200,
Rcap-,566,Rcap5,5,3/14/10,2010,100,3/18/10,6/9/10,97,4.42,2200,
Rcap-,567,Rcap5,5,3/14/10,2010,100,3/18/10,6/9/10,97,3.7,2200,
Rcap-,589,Rcap5,5,3/14/10,2010,100,3/18/10,6/9/10,97,4.08,2200,
Rcap-,590,Rcap5,5,3/14/10,2010,100,3/18/10,6/11/10,99,3.52,2200,
Rcap-,591,Rcap5,5,3/14/10,2010,100,3/18/10,6/11/10,99,3.56,2200,
Rcap-,592,Rcap5,5,3/14/10,2010,100,3/18/10,6/11/10,99,3.65,2200,
Rcap-,593,Rcap5,5,3/14/10,2010,100,3/18/10,6/11/10,99,3.19,2200,
Rcap-,594,Rcap5,5,3/14/10,2010,100,3/18/10,6/11/10,99,3.27,2200,
Rcap-,595,Rcap5,5,3/14/10,2010,100,3/18/10,6/11/10,99,4.42,2200,
Rcap-,596,Rcap5,5,3/14/10,2010,100,3/18/10,6/11/10,99,3.69,2200,
Rcap-,597,Rcap5,5,3/14/10,2010,100,3/18/10,6/11/10,99,4.04,2200,
Rcap-,598,Rcap5,5,3/14/10,2010,100,3/18/10,6/11/10,99,3.62,2200,
Rcap-,599,Rcap5,5,3/14/10,2010,100,3/18/10,6/11/10,99,3.75,2200,
Rcap-,600,Rcap5,5,3/14/10,2010,100,3/18/10,6/11/10,99,3.97,2200,
Rcap-,651,Rcap5,5,3/14/10,2010,100,3/18/10,6/13/10,101,3.86,2200,
Rcap-,652,Rcap5,5,3/14/10,2010,100,3/18/10,6/13/10,101,4.58,2200,
Rcap-,653,Rcap5,5,3/14/10,2010,100,3/18/10,6/13/10,101,5.4,2200,
Rcap-,654,Rcap5,5,3/14/10,2010,100,3/18/10,6/13/10,101,5.5,2200,
Rcap-,655,Rcap5,5,3/14/10,2010,100,3/18/10,6/13/10,101,3.96,2200,
Rcap-,656,Rcap5,5,3/14/10,2010,100,3/18/10,6/13/10,101,3.22,2200,
Rcap-,657,Rcap5,5,3/14/10,2010,100,3/18/10,6/13/10,101,4.38,2200,
Rcap-,683,Rcap5,5,3/14/10,2010,100,3/18/10,6/15/10,103,3.76,2200,
Rcap-,684,Rcap5,5,3/14/10,2010,100,3/18/10,6/15/10,103,3.91,2200,
Rcap-,685,Rcap5,5,3/14/10,2010,100,3/18/10,6/15/10,103,3.84,2200,
Rcap-,686,Rcap5,5,3/14/10,2010,100,3/18/10,6/15/10,103,3.75,2200,
Rcap-,708,Rcap5,5,3/14/10,2010,100,3/18/10,6/17/10,105,,,Dead in tank
Rcap-,709,Rcap5,5,3/14/10,2010,100,3/18/10,6/17/10,105,,,Dead in tank
Rcap-,710,Rcap5,5,3/14/10,2010,100,3/18/10,6/17/10,105,3.35,2200,
Rcap-,711,Rcap5,5,3/14/10,2010,100,3/18/10,6/17/10,105,4.21,2200,
Rcap-,712,Rcap5,5,3/14/10,2010,100,3/18/10,6/17/10,105,3.91,2200,
Rcap-,738,Rcap5,5,3/14/10,2010,100,3/18/10,6/18/10,106,2.36,2200,
Rcap-,739,Rcap5,5,3/14/10,2010,100,3/18/10,6/18/10,106,4.06,2200,
Rcap-,744,Rcap5,5,3/14/10,2010,100,3/18/10,6/19/10,107,4.95,2200,
Rcap-,745,Rcap5,5,3/14/10,2010,100,3/18/10,6/19/10,107,,,dead in tank
Rcap-,764,Rcap5,5,3/14/10,2010,100,3/18/10,6/21/10,109,,,dead in tank
Rcap-,765,Rcap5,5,3/14/10,2010,100,3/18/10,6/21/10,109,,,dead in tank
Rcap-,766,Rcap5,5,3/14/10,2010,100,3/18/10,6/21/10,109,,,dead in tank
Rcap-,767,Rcap5,5,3/14/10,2010,100,3/18/10,6/21/10,109,4.27,2200,
Rcap-,768,Rcap5,5,3/14/10,2010,100,3/18/10,6/22/10,110,,,dead in tank
Rcap-,774,Rcap5,5,3/14/10,2010,100,3/18/10,6/23/10,111,,,Dead in tank
Rcap-,777,Rcap5,5,3/14/10,2010,100,3/18/10,6/25/10,113,,,Dead in tank
Rcap-,778,Rcap5,5,3/14/10,2010,100,3/18/10,6/25/10,113,2.52,2200,
Rcap-,779,Rcap5,5,3/14/10,2010,100,3/18/10,6/25/10,113,2.18,2200,
Rcap-,780,Rcap5,5,3/14/10,2010,100,3/18/10,6/27/10,115,2.63,2200,
Rcap-,787,Rcap5,5,3/14/10,2010,100,3/18/10,6/29/10,117,7.56,2200,
Rcap-,792,Rcap5,5,3/14/10,2010,100,3/18/10,6/30/10,118,3.74,2200,still have partial tail
Rcap-,795,Rcap5,5,3/14/10,2010,100,3/18/10,7/5/10,123,3.63,2200,still have partial tail
Rcap-,796,Rcap5,5,3/14/10,2010,100,3/18/10,7/5/10,123,4.19,2200,still have partial tail
Rcap-,331,Rcap6,6,3/14/10,2010,100,3/18/10,6/3/10,91,4.36,2200,
Rcap-,332,Rcap6,6,3/14/10,2010,100,3/18/10,6/3/10,91,,,died while in the lab on June 9
Rcap-,333,Rcap6,6,3/14/10,2010,100,3/18/10,6/3/10,91,3.85,2200,
Rcap-,334,Rcap6,6,3/14/10,2010,100,3/18/10,6/3/10,91,4.81,2200,
Rcap-,335,Rcap6,6,3/14/10,2010,100,3/18/10,6/3/10,91,4.53,2200,
Rcap-,336,Rcap6,6,3/14/10,2010,100,3/18/10,6/3/10,91,4.02,2200,
Rcap-,337,Rcap6,6,3/14/10,2010,100,3/18/10,6/3/10,91,4.48,2200,
Rcap-,338,Rcap6,6,3/14/10,2010,100,3/18/10,6/3/10,91,3.79,2200,
Rcap-,372,Rcap6,6,3/14/10,2010,100,3/18/10,6/6/10,94,5.52,2200,
Rcap-,373,Rcap6,6,3/14/10,2010,100,3/18/10,6/6/10,94,4.56,2200,
Rcap-,374,Rcap6,6,3/14/10,2010,100,3/18/10,6/6/10,94,4.35,2200,
Rcap-,375,Rcap6,6,3/14/10,2010,100,3/18/10,6/6/10,94,4.11,2200,
Rcap-,376,Rcap6,6,3/14/10,2010,100,3/18/10,6/6/10,94,5.09,2200,
Rcap-,377,Rcap6,6,3/14/10,2010,100,3/18/10,6/6/10,94,5.41,2200,
Rcap-,378,Rcap6,6,3/14/10,2010,100,3/18/10,6/6/10,94,5.49,2200,
Rcap-,379,Rcap6,6,3/14/10,2010,100,3/18/10,6/6/10,94,3.81,2200,
Rcap-,380,Rcap6,6,3/14/10,2010,100,3/18/10,6/6/10,94,5.62,2200,
Rcap-,381,Rcap6,6,3/14/10,2010,100,3/18/10,6/6/10,94,6.28,2200,
Rcap-,382,Rcap6,6,3/14/10,2010,100,3/18/10,6/6/10,94,5.33,2200,
Rcap-,383,Rcap6,6,3/14/10,2010,100,3/18/10,6/6/10,94,5.43,2200,
Rcap-,384,Rcap6,6,3/14/10,2010,100,3/18/10,6/6/10,94,4.6,2200,
Rcap-,385,Rcap6,6,3/14/10,2010,100,3/18/10,6/6/10,94,5.99,2200,
Rcap-,386,Rcap6,6,3/14/10,2010,100,3/18/10,6/6/10,94,6.91,2200,
Rcap-,387,Rcap6,6,3/14/10,2010,100,3/18/10,6/6/10,94,5.25,2200,
Rcap-,388,Rcap6,6,3/14/10,2010,100,3/18/10,6/6/10,94,4.61,2200,
Rcap-,429,Rcap6,6,3/14/10,2010,100,3/18/10,6/7/10,95,5.34,2200,
Rcap-,430,Rcap6,6,3/14/10,2010,100,3/18/10,6/7/10,95,4.37,2200,
Rcap-,431,Rcap6,6,3/14/10,2010,100,3/18/10,6/7/10,95,6.29,2200,
Rcap-,432,Rcap6,6,3/14/10,2010,100,3/18/10,6/7/10,95,5.79,2200,
Rcap-,433,Rcap6,6,3/14/10,2010,100,3/18/10,6/7/10,95,5.79,2200,
Rcap-,434,Rcap6,6,3/14/10,2010,100,3/18/10,6/7/10,95,5.1,2200,
Rcap-,435,Rcap6,6,3/14/10,2010,100,3/18/10,6/7/10,95,5.94,2200,
Rcap-,436,Rcap6,6,3/14/10,2010,100,3/18/10,6/7/10,95,5.69,2200,
Rcap-,437,Rcap6,6,3/14/10,2010,100,3/18/10,6/7/10,95,5.12,2200,
Rcap-,438,Rcap6,6,3/14/10,2010,100,3/18/10,6/7/10,95,5.51,2200,
Rcap-,439,Rcap6,6,3/14/10,2010,100,3/18/10,6/7/10,95,5.15,2200,
Rcap-,440,Rcap6,6,3/14/10,2010,100,3/18/10,6/7/10,95,6.78,2200,
Rcap-,441,Rcap6,6,3/14/10,2010,100,3/18/10,6/7/10,95,5.33,2200,
Rcap-,442,Rcap6,6,3/14/10,2010,100,3/18/10,6/7/10,95,4.91,2200,
Rcap-,443,Rcap6,6,3/14/10,2010,100,3/18/10,6/7/10,95,5.85,2200,
Rcap-,444,Rcap6,6,3/14/10,2010,100,3/18/10,6/7/10,95,4.5,2200,
Rcap-,445,Rcap6,6,3/14/10,2010,100,3/18/10,6/7/10,95,4.35,2200,
Rcap-,446,Rcap6,6,3/14/10,2010,100,3/18/10,6/7/10,95,5.67,2200,
Rcap-,447,Rcap6,6,3/14/10,2010,100,3/18/10,6/7/10,95,4.47,2200,
Rcap-,448,Rcap6,6,3/14/10,2010,100,3/18/10,6/7/10,95,6.21,2200,
Rcap-,449,Rcap6,6,3/14/10,2010,100,3/18/10,6/7/10,95,5.57,2200,
Rcap-,450,Rcap6,6,3/14/10,2010,100,3/18/10,6/7/10,95,6.18,2200,
Rcap-,451,Rcap6,6,3/14/10,2010,100,3/18/10,6/7/10,95,4.34,2200,
Rcap-,452,Rcap6,6,3/14/10,2010,100,3/18/10,6/7/10,95,5.31,2200,
Rcap-,453,Rcap6,6,3/14/10,2010,100,3/18/10,6/7/10,95,5.18,2200,
Rcap-,454,Rcap6,6,3/14/10,2010,100,3/18/10,6/7/10,95,5.34,2200,
Rcap-,548,Rcap6,6,3/14/10,2010,100,3/18/10,6/8/10,96,6.03,2200,
Rcap-,549,Rcap6,6,3/14/10,2010,100,3/18/10,6/8/10,96,5.52,2200,
Rcap-,550,Rcap6,6,3/14/10,2010,100,3/18/10,6/8/10,96,5.06,2200,
Rcap-,551,Rcap6,6,3/14/10,2010,100,3/18/10,6/8/10,96,5.28,2200,
Rcap-,568,Rcap6,6,3/14/10,2010,100,3/18/10,6/9/10,97,5.15,2200,
Rcap-,569,Rcap6,6,3/14/10,2010,100,3/18/10,6/9/10,97,5.76,2200,
Rcap-,570,Rcap6,6,3/14/10,2010,100,3/18/10,6/9/10,97,5.09,2200,
Rcap-,571,Rcap6,6,3/14/10,2010,100,3/18/10,6/9/10,97,5.41,2200,
Rcap-,572,Rcap6,6,3/14/10,2010,100,3/18/10,6/9/10,97,6.5,2200,
Rcap-,573,Rcap6,6,3/14/10,2010,100,3/18/10,6/9/10,97,5.88,2200,
Rcap-,574,Rcap6,6,3/14/10,2010,100,3/18/10,6/9/10,97,4.81,2200,
Rcap-,601,Rcap6,6,3/14/10,2010,100,3/18/10,6/11/10,99,3.98,2200,
Rcap-,602,Rcap6,6,3/14/10,2010,100,3/18/10,6/11/10,99,5.22,2200,
Rcap-,603,Rcap6,6,3/14/10,2010,100,3/18/10,6/11/10,99,6.24,2200,
Rcap-,604,Rcap6,6,3/14/10,2010,100,3/18/10,6/11/10,99,5.02,2200,
Rcap-,605,Rcap6,6,3/14/10,2010,100,3/18/10,6/11/10,99,7.15,2200,
Rcap-,606,Rcap6,6,3/14/10,2010,100,3/18/10,6/11/10,99,4.6,2200,
Rcap-,607,Rcap6,6,3/14/10,2010,100,3/18/10,6/11/10,99,5.33,2200,
Rcap-,608,Rcap6,6,3/14/10,2010,100,3/18/10,6/11/10,99,5.55,2200,
Rcap-,609,Rcap6,6,3/14/10,2010,100,3/18/10,6/11/10,99,5.77,2200,
Rcap-,610,Rcap6,6,3/14/10,2010,100,3/18/10,6/11/10,99,4.65,2200,
Rcap-,611,Rcap6,6,3/14/10,2010,100,3/18/10,6/11/10,99,5.08,2200,
Rcap-,658,Rcap6,6,3/14/10,2010,100,3/18/10,6/13/10,101,6.16,2200,
Rcap-,659,Rcap6,6,3/14/10,2010,100,3/18/10,6/13/10,101,4.79,2200,
Rcap-,660,Rcap6,6,3/14/10,2010,100,3/18/10,6/13/10,101,4.6,2200,
Rcap-,661,Rcap6,6,3/14/10,2010,100,3/18/10,6/13/10,101,4.96,2200,
Rcap-,687,Rcap6,6,3/14/10,2010,100,3/18/10,6/15/10,103,5,2200,
Rcap-,688,Rcap6,6,3/14/10,2010,100,3/18/10,6/15/10,103,4.74,2200,
Rcap-,689,Rcap6,6,3/14/10,2010,100,3/18/10,6/15/10,103,5.2,2200,
Rcap-,690,Rcap6,6,3/14/10,2010,100,3/18/10,6/15/10,103,3.54,2200,"alive, but underdeveloped Left hind limb"
Rcap-,762,Rcap6,6,3/14/10,2010,100,3/18/10,6/21/10,109,5.65,2200,
Rcap-,763,Rcap6,6,3/14/10,2010,100,3/18/10,6/21/10,109,5.53,2200,
Rcap-,773,Rcap6,6,3/14/10,2010,100,3/18/10,6/23/10,111,7.79,2200,
Rcap-,345,Rcap7,7,3/14/10,2010,100,3/18/10,6/4/10,92,5.09,2200,
Rcap-,346,Rcap7,7,3/14/10,2010,100,3/18/10,6/4/10,92,4.28,2200,
Rcap-,347,Rcap7,7,3/14/10,2010,100,3/18/10,6/4/10,92,3.58,2200,
Rcap-,389,Rcap7,7,3/14/10,2010,100,3/18/10,6/6/10,94,5,2200,
Rcap-,390,Rcap7,7,3/14/10,2010,100,3/18/10,6/6/10,94,3.69,2200,
Rcap-,391,Rcap7,7,3/14/10,2010,100,3/18/10,6/6/10,94,3.53,2200,
Rcap-,392,Rcap7,7,3/14/10,2010,100,3/18/10,6/6/10,94,4.03,2200,
Rcap-,393,Rcap7,7,3/14/10,2010,100,3/18/10,6/6/10,94,4.08,2200,
Rcap-,394,Rcap7,7,3/14/10,2010,100,3/18/10,6/6/10,94,3.43,2200,
Rcap-,395,Rcap7,7,3/14/10,2010,100,3/18/10,6/6/10,94,4.3,2200,
Rcap-,396,Rcap7,7,3/14/10,2010,100,3/18/10,6/6/10,94,4.52,2200,
Rcap-,397,Rcap7,7,3/14/10,2010,100,3/18/10,6/6/10,94,4.31,2200,
Rcap-,398,Rcap7,7,3/14/10,2010,100,3/18/10,6/6/10,94,4.7,2200,
Rcap-,399,Rcap7,7,3/14/10,2010,100,3/18/10,6/6/10,94,4.56,2200,
Rcap-,400,Rcap7,7,3/14/10,2010,100,3/18/10,6/6/10,94,3.83,2200,
Rcap-,401,Rcap7,7,3/14/10,2010,100,3/18/10,6/6/10,94,4.2,2200,
Rcap-,402,Rcap7,7,3/14/10,2010,100,3/18/10,6/6/10,94,4.42,2200,
Rcap-,403,Rcap7,7,3/14/10,2010,100,3/18/10,6/6/10,94,3.52,2200,
Rcap-,404,Rcap7,7,3/14/10,2010,100,3/18/10,6/6/10,94,4.2,2200,
Rcap-,455,Rcap7,7,3/14/10,2010,100,3/18/10,6/7/10,95,4.36,2200,
Rcap-,456,Rcap7,7,3/14/10,2010,100,3/18/10,6/7/10,95,4.4,2200,
Rcap-,457,Rcap7,7,3/14/10,2010,100,3/18/10,6/7/10,95,3.88,2200,
Rcap-,458,Rcap7,7,3/14/10,2010,100,3/18/10,6/7/10,95,4.3,2200,
Rcap-,459,Rcap7,7,3/14/10,2010,100,3/18/10,6/7/10,95,4.63,2200,
Rcap-,460,Rcap7,7,3/14/10,2010,100,3/18/10,6/7/10,95,3.43,2200,
Rcap-,461,Rcap7,7,3/14/10,2010,100,3/18/10,6/7/10,95,3.55,2200,
Rcap-,462,Rcap7,7,3/14/10,2010,100,3/18/10,6/7/10,95,,2200,
Rcap-,463,Rcap7,7,3/14/10,2010,100,3/18/10,6/7/10,95,5.26,2200,
Rcap-,464,Rcap7,7,3/14/10,2010,100,3/18/10,6/7/10,95,3.81,2200,
Rcap-,465,Rcap7,7,3/14/10,2010,100,3/18/10,6/7/10,95,3.6,2200,
Rcap-,466,Rcap7,7,3/14/10,2010,100,3/18/10,6/7/10,95,3.87,2200,
Rcap-,467,Rcap7,7,3/14/10,2010,100,3/18/10,6/7/10,95,4.14,2200,
Rcap-,468,Rcap7,7,3/14/10,2010,100,3/18/10,6/7/10,95,4,2200,
Rcap-,469,Rcap7,7,3/14/10,2010,100,3/18/10,6/7/10,95,3.49,2200,
Rcap-,470,Rcap7,7,3/14/10,2010,100,3/18/10,6/7/10,95,4.52,2200,
Rcap-,471,Rcap7,7,3/14/10,2010,100,3/18/10,6/7/10,95,3.67,2200,
Rcap-,472,Rcap7,7,3/14/10,2010,100,3/18/10,6/7/10,95,4.55,2200,
Rcap-,473,Rcap7,7,3/14/10,2010,100,3/18/10,6/7/10,95,4.19,2200,
Rcap-,474,Rcap7,7,3/14/10,2010,100,3/18/10,6/7/10,95,4.35,2200,
Rcap-,475,Rcap7,7,3/14/10,2010,100,3/18/10,6/7/10,95,4.73,2200,
Rcap-,476,Rcap7,7,3/14/10,2010,100,3/18/10,6/7/10,95,3.22,2200,
Rcap-,477,Rcap7,7,3/14/10,2010,100,3/18/10,6/7/10,95,3.8,2200,
Rcap-,478,Rcap7,7,3/14/10,2010,100,3/18/10,6/7/10,95,3.84,2200,
Rcap-,479,Rcap7,7,3/14/10,2010,100,3/18/10,6/7/10,95,4.44,2200,
Rcap-,552,Rcap7,7,3/14/10,2010,100,3/18/10,6/8/10,96,3.53,2200,
Rcap-,553,Rcap7,7,3/14/10,2010,100,3/18/10,6/8/10,96,3.76,2200,
Rcap-,575,Rcap7,7,3/14/10,2010,100,3/18/10,6/9/10,97,5.44,2200,
Rcap-,576,Rcap7,7,3/14/10,2010,100,3/18/10,6/9/10,97,3.29,2200,
Rcap-,577,Rcap7,7,3/14/10,2010,100,3/18/10,6/9/10,97,4.39,2200,
Rcap-,612,Rcap7,7,3/14/10,2010,100,3/18/10,6/11/10,99,3.75,2200,
Rcap-,613,Rcap7,7,3/14/10,2010,100,3/18/10,6/11/10,99,4.63,2200,
Rcap-,614,Rcap7,7,3/14/10,2010,100,3/18/10,6/11/10,99,5,2200,
Rcap-,615,Rcap7,7,3/14/10,2010,100,3/18/10,6/11/10,99,4.19,2200,
Rcap-,616,Rcap7,7,3/14/10,2010,100,3/18/10,6/11/10,99,4.18,2200,
Rcap-,617,Rcap7,7,3/14/10,2010,100,3/18/10,6/11/10,99,,,Dead in tank
Rcap-,662,Rcap7,7,3/14/10,2010,100,3/18/10,6/13/10,101,4.17,2200,
Rcap-,663,Rcap7,7,3/14/10,2010,100,3/18/10,6/13/10,101,5.59,2200,
Rcap-,664,Rcap7,7,3/14/10,2010,100,3/18/10,6/13/10,101,4.83,2200,
Rcap-,665,Rcap7,7,3/14/10,2010,100,3/18/10,6/13/10,101,4.21,2200,
Rcap-,666,Rcap7,7,3/14/10,2010,100,3/18/10,6/13/10,101,4.44,2200,
Rcap-,667,Rcap7,7,3/14/10,2010,100,3/18/10,6/13/10,101,4.55,2200,
Rcap-,668,Rcap7,7,3/14/10,2010,100,3/18/10,6/13/10,101,4.03,2200,
Rcap-,691,Rcap7,7,3/14/10,2010,100,3/18/10,6/15/10,103,,,dead in tank
Rcap-,692,Rcap7,7,3/14/10,2010,100,3/18/10,6/15/10,103,3.03,2200,
Rcap-,693,Rcap7,7,3/14/10,2010,100,3/18/10,6/15/10,103,2.81,2200,
Rcap-,694,Rcap7,7,3/14/10,2010,100,3/18/10,6/15/10,103,3.53,2200,
Rcap-,695,Rcap7,7,3/14/10,2010,100,3/18/10,6/15/10,103,3.83,2200,
Rcap-,696,Rcap7,7,3/14/10,2010,100,3/18/10,6/15/10,103,4.44,2200,
Rcap-,713,Rcap7,7,3/14/10,2010,100,3/18/10,6/17/10,105,,,Dead in tank
Rcap-,714,Rcap7,7,3/14/10,2010,100,3/18/10,6/17/10,105,3.96,2200,
Rcap-,715,Rcap7,7,3/14/10,2010,100,3/18/10,6/17/10,105,3.61,2200,
Rcap-,716,Rcap7,7,3/14/10,2010,100,3/18/10,6/17/10,105,3.83,2200,
Rcap-,717,Rcap7,7,3/14/10,2010,100,3/18/10,6/17/10,105,3.08,2200,
Rcap-,740,Rcap7,7,3/14/10,2010,100,3/18/10,6/18/10,106,3.54,2200,
Rcap-,746,Rcap7,7,3/14/10,2010,100,3/18/10,6/19/10,107,4.44,2200,
Rcap-,747,Rcap7,7,3/14/10,2010,100,3/18/10,6/19/10,107,3.39,2200,
Rcap-,758,Rcap7,7,3/14/10,2010,100,3/18/10,6/21/10,109,4.4,2200,
Rcap-,759,Rcap7,7,3/14/10,2010,100,3/18/10,6/21/10,109,3.93,2200,
Rcap-,760,Rcap7,7,3/14/10,2010,100,3/18/10,6/21/10,109,4.27,2200,
Rcap-,761,Rcap7,7,3/14/10,2010,100,3/18/10,6/21/10,109,,,dead in tank
Rcap-,772,Rcap7,7,3/14/10,2010,100,3/18/10,6/23/10,111,4.76,2200,
Rcap-,797,Rcap7,7,3/14/10,2010,100,3/18/10,7/5/10,123,7.36,2200,still have partial tail
Rcap-,290,Rcap8,8,3/14/10,2010,100,3/18/10,5/31/10,88,3.62,2200,
Rcap-,291,Rcap8,8,3/14/10,2010,100,3/18/10,5/31/10,88,4.4,2200,
Rcap-,292,Rcap8,8,3/14/10,2010,100,3/18/10,5/31/10,88,3.45,2200,
Rcap-,293,Rcap8,8,3/14/10,2010,100,3/18/10,5/31/10,88,3.53,2200,
Rcap-,294,Rcap8,8,3/14/10,2010,100,3/18/10,5/31/10,88,3,2200,
Rcap-,295,Rcap8,8,3/14/10,2010,100,3/18/10,6/2/10,90,4.52,2200,
Rcap-,296,Rcap8,8,3/14/10,2010,100,3/18/10,6/2/10,90,3.52,2200,
Rcap-,297,Rcap8,8,3/14/10,2010,100,3/18/10,6/2/10,90,3.09,2200,
Rcap-,298,Rcap8,8,3/14/10,2010,100,3/18/10,6/2/10,90,3.43,2200,
Rcap-,299,Rcap8,8,3/14/10,2010,100,3/18/10,6/2/10,90,3.53,2200,
Rcap-,300,Rcap8,8,3/14/10,2010,100,3/18/10,6/2/10,90,3.43,2200,
Rcap-,301,Rcap8,8,3/14/10,2010,100,3/18/10,6/2/10,90,3.93,2200,
Rcap-,302,Rcap8,8,3/14/10,2010,100,3/18/10,6/2/10,90,3.88,2200,
Rcap-,303,Rcap8,8,3/14/10,2010,100,3/18/10,6/2/10,90,2.95,2200,
Rcap-,304,Rcap8,8,3/14/10,2010,100,3/18/10,6/2/10,90,4.37,2200,
Rcap-,305,Rcap8,8,3/14/10,2010,100,3/18/10,6/2/10,90,3.78,2200,
Rcap-,306,Rcap8,8,3/14/10,2010,100,3/18/10,6/2/10,90,3.09,2200,
Rcap-,307,Rcap8,8,3/14/10,2010,100,3/18/10,6/2/10,90,3.82,2200,
Rcap-,308,Rcap8,8,3/14/10,2010,100,3/18/10,6/2/10,90,2.95,2200,
Rcap-,309,Rcap8,8,3/14/10,2010,100,3/18/10,6/3/10,91,3.88,2200,
Rcap-,310,Rcap8,8,3/14/10,2010,100,3/18/10,6/3/10,91,4.06,2200,
Rcap-,311,Rcap8,8,3/14/10,2010,100,3/18/10,6/3/10,91,,,died while in lab on June 14
Rcap-,312,Rcap8,8,3/14/10,2010,100,3/18/10,6/3/10,91,3.63,2200,
Rcap-,313,Rcap8,8,3/14/10,2010,100,3/18/10,6/3/10,91,,,died while in the lab on June 16
Rcap-,314,Rcap8,8,3/14/10,2010,100,3/18/10,6/3/10,91,,,died while in the lab on June 13
Rcap-,315,Rcap8,8,3/14/10,2010,100,3/18/10,6/3/10,91,,,died while in the lab on June 13
Rcap-,316,Rcap8,8,3/14/10,2010,100,3/18/10,6/3/10,91,3.23,2200,
Rcap-,317,Rcap8,8,3/14/10,2010,100,3/18/10,6/3/10,91,,,died while in the lab on June 9
Rcap-,318,Rcap8,8,3/14/10,2010,100,3/18/10,6/3/10,91,,,died while in the lab on June 9
Rcap-,319,Rcap8,8,3/14/10,2010,100,3/18/10,6/3/10,91,,,died while in the lab on June 9
Rcap-,320,Rcap8,8,3/14/10,2010,100,3/18/10,6/3/10,91,3.41,2200,
Rcap-,321,Rcap8,8,3/14/10,2010,100,3/18/10,6/3/10,91,,2200,
Rcap-,348,Rcap8,8,3/14/10,2010,100,3/18/10,6/4/10,92,3.79,2200,
Rcap-,349,Rcap8,8,3/14/10,2010,100,3/18/10,6/4/10,92,3.21,2200,
Rcap-,350,Rcap8,8,3/14/10,2010,100,3/18/10,6/4/10,92,4.07,2200,
Rcap-,351,Rcap8,8,3/14/10,2010,100,3/18/10,6/4/10,92,3.36,2200,
Rcap-,352,Rcap8,8,3/14/10,2010,100,3/18/10,6/4/10,92,3.73,2200,
Rcap-,405,Rcap8,8,3/14/10,2010,100,3/18/10,6/6/10,94,3.81,2200,
Rcap-,406,Rcap8,8,3/14/10,2010,100,3/18/10,6/6/10,94,2.39,2200,
Rcap-,407,Rcap8,8,3/14/10,2010,100,3/18/10,6/6/10,94,3.16,2200,
Rcap-,408,Rcap8,8,3/14/10,2010,100,3/18/10,6/6/10,94,3.27,2200,
Rcap-,409,Rcap8,8,3/14/10,2010,100,3/18/10,6/6/10,94,3.19,2200,
Rcap-,410,Rcap8,8,3/14/10,2010,100,3/18/10,6/6/10,94,3.79,2200,
Rcap-,411,Rcap8,8,3/14/10,2010,100,3/18/10,6/6/10,94,3.36,2200,
Rcap-,412,Rcap8,8,3/14/10,2010,100,3/18/10,6/6/10,94,3.77,2200,
Rcap-,413,Rcap8,8,3/14/10,2010,100,3/18/10,6/6/10,94,4.06,2200,
Rcap-,414,Rcap8,8,3/14/10,2010,100,3/18/10,6/6/10,94,3.97,2200,
Rcap-,415,Rcap8,8,3/14/10,2010,100,3/18/10,6/6/10,94,3.03,2200,
Rcap-,416,Rcap8,8,3/14/10,2010,100,3/18/10,6/6/10,94,3.43,2200,
Rcap-,417,Rcap8,8,3/14/10,2010,100,3/18/10,6/6/10,94,3.42,2200,
Rcap-,418,Rcap8,8,3/14/10,2010,100,3/18/10,6/6/10,94,3.77,2200,
Rcap-,419,Rcap8,8,3/14/10,2010,100,3/18/10,6/6/10,94,3.67,2200,
Rcap-,506,Rcap8,8,3/14/10,2010,100,3/18/10,6/7/10,95,,2200,
Rcap-,507,Rcap8,8,3/14/10,2010,100,3/18/10,6/7/10,95,3.32,2200,
Rcap-,508,Rcap8,8,3/14/10,2010,100,3/18/10,6/7/10,95,3.67,2200,
Rcap-,509,Rcap8,8,3/14/10,2010,100,3/18/10,6/7/10,95,3.2,2200,
Rcap-,510,Rcap8,8,3/14/10,2010,100,3/18/10,6/7/10,95,3.35,2200,
Rcap-,511,Rcap8,8,3/14/10,2010,100,3/18/10,6/7/10,95,3.83,2200,
Rcap-,512,Rcap8,8,3/14/10,2010,100,3/18/10,6/7/10,95,4.08,2200,
Rcap-,513,Rcap8,8,3/14/10,2010,100,3/18/10,6/7/10,95,3.7,2200,
Rcap-,514,Rcap8,8,3/14/10,2010,100,3/18/10,6/7/10,95,3.19,2200,
Rcap-,515,Rcap8,8,3/14/10,2010,100,3/18/10,6/7/10,95,2.69,2200,
Rcap-,516,Rcap8,8,3/14/10,2010,100,3/18/10,6/7/10,95,4.33,2200,
Rcap-,517,Rcap8,8,3/14/10,2010,100,3/18/10,6/7/10,95,3.59,2200,
Rcap-,518,Rcap8,8,3/14/10,2010,100,3/18/10,6/7/10,95,3.65,2200,
Rcap-,519,Rcap8,8,3/14/10,2010,100,3/18/10,6/7/10,95,3.37,2200,
Rcap-,520,Rcap8,8,3/14/10,2010,100,3/18/10,6/7/10,95,3.56,2200,
Rcap-,521,Rcap8,8,3/14/10,2010,100,3/18/10,6/7/10,95,2.59,2200,
Rcap-,522,Rcap8,8,3/14/10,2010,100,3/18/10,6/7/10,95,3.89,2200,
Rcap-,523,Rcap8,8,3/14/10,2010,100,3/18/10,6/7/10,95,3.06,2200,
Rcap-,524,Rcap8,8,3/14/10,2010,100,3/18/10,6/7/10,95,3.66,2200,
Rcap-,525,Rcap8,8,3/14/10,2010,100,3/18/10,6/7/10,95,4.01,2200,
Rcap-,554,Rcap8,8,3/14/10,2010,100,3/18/10,6/8/10,96,3.55,2200,
Rcap-,555,Rcap8,8,3/14/10,2010,100,3/18/10,6/8/10,96,3.46,2200,
Rcap-,556,Rcap8,8,3/14/10,2010,100,3/18/10,6/8/10,96,3.32,2200,
Rcap-,557,Rcap8,8,3/14/10,2010,100,3/18/10,6/8/10,96,3.43,2200,
Rcap-,558,Rcap8,8,3/14/10,2010,100,3/18/10,6/8/10,96,3.2,2200,
Rcap-,559,Rcap8,8,3/14/10,2010,100,3/18/10,6/8/10,96,3.13,2200,
Rcap-,578,Rcap8,8,3/14/10,2010,100,3/18/10,6/9/10,97,3.69,2200,
Rcap-,618,Rcap8,8,3/14/10,2010,100,3/18/10,6/11/10,99,4.06,2200,
Rcap-,619,Rcap8,8,3/14/10,2010,100,3/18/10,6/11/10,99,3.82,2200,
Rcap-,620,Rcap8,8,3/14/10,2010,100,3/18/10,6/11/10,99,4,2200,
Rcap-,621,Rcap8,8,3/14/10,2010,100,3/18/10,6/11/10,99,3.73,2200,
Rcap-,622,Rcap8,8,3/14/10,2010,100,3/18/10,6/11/10,99,4.23,2200,
Rcap-,623,Rcap8,8,3/14/10,2010,100,3/18/10,6/11/10,99,4.31,2200,
Rcap-,624,Rcap8,8,3/14/10,2010,100,3/18/10,6/11/10,99,3.36,2200,
Rcap-,625,Rcap8,8,3/14/10,2010,100,3/18/10,6/11/10,99,4.1,2200,
Rcap-,626,Rcap8,8,3/14/10,2010,100,3/18/10,6/11/10,99,,,Dead in tank
Rcap-,627,Rcap8,8,3/14/10,2010,100,3/18/10,6/11/10,99,,,Dead in tank
Rcap-,672,Rcap8,8,3/14/10,2010,100,3/18/10,6/13/10,101,4.33,2200,
Rcap-,673,Rcap8,8,3/14/10,2010,100,3/18/10,6/13/10,101,4.32,2200,
Rcap-,674,Rcap8,8,3/14/10,2010,100,3/18/10,6/13/10,101,4.91,2200,
Rcap-,697,Rcap8,8,3/14/10,2010,100,3/18/10,6/15/10,103,3.69,2200,
Rcap-,718,Rcap8,8,3/14/10,2010,100,3/18/10,6/17/10,105,,,Dead in tank
Rcap-,757,Rcap8,8,3/14/10,2010,100,3/18/10,6/21/10,109,5.83,2200,
Rcap-,770,Rcap8,8,3/14/10,2010,100,3/18/10,6/23/10,111,,,Dead in tank
Rcap-,771,Rcap8,8,3/14/10,2010,100,3/18/10,6/23/10,111,4.31,2200,
Rcap-,781,Rcap8,8,3/14/10,2010,100,3/18/10,6/27/10,115,7.45,2200,
Rcap-,782,Rcap8,8,3/14/10,2010,100,3/18/10,6/27/10,115,5.5,2200,
Rcap-,783,Rcap8,8,3/14/10,2010,100,3/18/10,6/27/10,115,5.48,2200,
Rcap-,353,Rcap9,9,3/14/10,2010,100,3/18/10,6/4/10,92,,,dead in tank
Rcap-,354,Rcap9,9,3/14/10,2010,100,3/18/10,6/4/10,92,,,dead in tank
Rcap-,355,Rcap9,9,3/14/10,2010,100,3/18/10,6/4/10,92,4.04,2200,
Rcap-,356,Rcap9,9,3/14/10,2010,100,3/18/10,6/4/10,92,3.65,2200,
Rcap-,357,Rcap9,9,3/14/10,2010,100,3/18/10,6/4/10,92,3.05,2200,
Rcap-,358,Rcap9,9,3/14/10,2010,100,3/18/10,6/4/10,92,4.55,2200,
Rcap-,359,Rcap9,9,3/14/10,2010,100,3/18/10,6/4/10,92,4.32,2200,
Rcap-,360,Rcap9,9,3/14/10,2010,100,3/18/10,6/4/10,92,4.01,2200,
Rcap-,361,Rcap9,9,3/14/10,2010,100,3/18/10,6/4/10,92,4,2200,
Rcap-,420,Rcap9,9,3/14/10,2010,100,3/18/10,6/6/10,94,3.64,2200,
Rcap-,421,Rcap9,9,3/14/10,2010,100,3/18/10,6/6/10,94,4.26,2200,
Rcap-,422,Rcap9,9,3/14/10,2010,100,3/18/10,6/6/10,94,3.93,2200,
Rcap-,423,Rcap9,9,3/14/10,2010,100,3/18/10,6/6/10,94,3.7,2200,
Rcap-,424,Rcap9,9,3/14/10,2010,100,3/18/10,6/6/10,94,,2200,
Rcap-,480,Rcap9,9,3/14/10,2010,100,3/18/10,6/7/10,95,3.43,2200,
Rcap-,481,Rcap9,9,3/14/10,2010,100,3/18/10,6/7/10,95,5.03,2200,
Rcap-,482,Rcap9,9,3/14/10,2010,100,3/18/10,6/7/10,95,4.37,2200,
Rcap-,483,Rcap9,9,3/14/10,2010,100,3/18/10,6/7/10,95,4.06,2200,
Rcap-,484,Rcap9,9,3/14/10,2010,100,3/18/10,6/7/10,95,3.64,2200,
Rcap-,485,Rcap9,9,3/14/10,2010,100,3/18/10,6/7/10,95,4.34,2200,
Rcap-,486,Rcap9,9,3/14/10,2010,100,3/18/10,6/7/10,95,4.49,2200,
Rcap-,487,Rcap9,9,3/14/10,2010,100,3/18/10,6/7/10,95,4.34,2200,
Rcap-,488,Rcap9,9,3/14/10,2010,100,3/18/10,6/7/10,95,4.9,2200,
Rcap-,489,Rcap9,9,3/14/10,2010,100,3/18/10,6/7/10,95,3.93,2200,
Rcap-,490,Rcap9,9,3/14/10,2010,100,3/18/10,6/7/10,95,3.66,2200,
Rcap-,491,Rcap9,9,3/14/10,2010,100,3/18/10,6/7/10,95,4.45,2200,
Rcap-,492,Rcap9,9,3/14/10,2010,100,3/18/10,6/7/10,95,4.09,2200,
Rcap-,493,Rcap9,9,3/14/10,2010,100,3/18/10,6/7/10,95,4.26,2200,
Rcap-,494,Rcap9,9,3/14/10,2010,100,3/18/10,6/7/10,95,4.72,2200,
Rcap-,495,Rcap9,9,3/14/10,2010,100,3/18/10,6/7/10,95,3.69,2200,
Rcap-,496,Rcap9,9,3/14/10,2010,100,3/18/10,6/7/10,95,4.25,2200,
Rcap-,497,Rcap9,9,3/14/10,2010,100,3/18/10,6/7/10,95,4.66,2200,
Rcap-,498,Rcap9,9,3/14/10,2010,100,3/18/10,6/7/10,95,3.75,2200,
Rcap-,499,Rcap9,9,3/14/10,2010,100,3/18/10,6/7/10,95,4.65,2200,
Rcap-,500,Rcap9,9,3/14/10,2010,100,3/18/10,6/7/10,95,,,Dead in tank
Rcap-,501,Rcap9,9,3/14/10,2010,100,3/18/10,6/7/10,95,,,Dead in tank
Rcap-,502,Rcap9,9,3/14/10,2010,100,3/18/10,6/7/10,95,,,Dead in tank
Rcap-,503,Rcap9,9,3/14/10,2010,100,3/18/10,6/7/10,95,,,Dead in tank
Rcap-,504,Rcap9,9,3/14/10,2010,100,3/18/10,6/7/10,95,,,Dead in tank
Rcap-,505,Rcap9,9,3/14/10,2010,100,3/18/10,6/7/10,95,,,Dead in tank
Rcap-,560,Rcap9,9,3/14/10,2010,100,3/18/10,6/8/10,96,3.2,2200,
Rcap-,561,Rcap9,9,3/14/10,2010,100,3/18/10,6/8/10,96,4.37,2200,
Rcap-,579,Rcap9,9,3/14/10,2010,100,3/18/10,6/9/10,97,4.26,2200,
Rcap-,580,Rcap9,9,3/14/10,2010,100,3/18/10,6/9/10,97,5.18,2200,
Rcap-,581,Rcap9,9,3/14/10,2010,100,3/18/10,6/9/10,97,4.35,2200,
Rcap-,582,Rcap9,9,3/14/10,2010,100,3/18/10,6/9/10,97,4.03,2200,
Rcap-,583,Rcap9,9,3/14/10,2010,100,3/18/10,6/9/10,97,3.76,2200,
Rcap-,584,Rcap9,9,3/14/10,2010,100,3/18/10,6/9/10,97,4.8,2200,
Rcap-,585,Rcap9,9,3/14/10,2010,100,3/18/10,6/9/10,97,4.68,2200,
Rcap-,586,Rcap9,9,3/14/10,2010,100,3/18/10,6/9/10,97,4.47,2200,
Rcap-,628,Rcap9,9,3/14/10,2010,100,3/18/10,6/11/10,99,4.4,2200,
Rcap-,629,Rcap9,9,3/14/10,2010,100,3/18/10,6/11/10,99,3.75,2200,
Rcap-,630,Rcap9,9,3/14/10,2010,100,3/18/10,6/11/10,99,4.12,2200,
Rcap-,631,Rcap9,9,3/14/10,2010,100,3/18/10,6/11/10,99,5.72,2200,
Rcap-,632,Rcap9,9,3/14/10,2010,100,3/18/10,6/11/10,99,4.49,2200,
Rcap-,633,Rcap9,9,3/14/10,2010,100,3/18/10,6/11/10,99,4.41,2200,
Rcap-,669,Rcap9,9,3/14/10,2010,100,3/18/10,6/13/10,101,5.72,2200,
Rcap-,670,Rcap9,9,3/14/10,2010,100,3/18/10,6/13/10,101,5.93,2200,
Rcap-,671,Rcap9,9,3/14/10,2010,100,3/18/10,6/13/10,101,3.71,2200,
Rcap-,698,Rcap9,9,3/14/10,2010,100,3/18/10,6/15/10,103,,,dead in tank
Rcap-,699,Rcap9,9,3/14/10,2010,100,3/18/10,6/15/10,103,4.2,2200,
Rcap-,719,Rcap9,9,3/14/10,2010,100,3/18/10,6/17/10,105,,,Dead in tank
Rcap-,720,Rcap9,9,3/14/10,2010,100,3/18/10,6/17/10,105,4.65,2200,
Rcap-,721,Rcap9,9,3/14/10,2010,100,3/18/10,6/17/10,105,4.74,2200,
Rcap-,722,Rcap9,9,3/14/10,2010,100,3/18/10,6/17/10,105,4.32,2200,
Rcap-,723,Rcap9,9,3/14/10,2010,100,3/18/10,6/17/10,105,4.04,2200,
Rcap-,741,Rcap9,9,3/14/10,2010,100,3/18/10,6/18/10,106,4.68,2200,
Rcap-,755,Rcap9,9,3/14/10,2010,100,3/18/10,6/21/10,109,5.16,2200,
Rcap-,756,Rcap9,9,3/14/10,2010,100,3/18/10,6/21/10,109,5.85,2200,
Rcap-,788,Rcap9,9,3/14/10,2010,100,3/18/10,6/29/10,117,2.95,2200,
Rcap-,789,Rcap9,9,3/14/10,2010,100,3/18/10,6/29/10,117,7.16,2200,
Rcap-,798,Rcap9,9,3/14/10,2010,100,3/18/10,7/5/10,123,8.35,2200,still have partial tail
Rcap-,526,RcapMix,10,3/14/10,2010,100,3/18/10,6/7/10,,3.3,2200,stocking date not noted in data; RcapMix indicates mixture of all 4 egg masses in 2010
Rcap-,527,RcapMix,10,3/14/10,2010,100,3/18/10,6/7/10,,3.37,2200,stocking date not noted in data
Rcap-,528,RcapMix,10,3/14/10,2010,100,3/18/10,6/7/10,,3.91,2200,stocking date not noted in data
Rcap-,529,RcapMix,10,3/14/10,2010,100,3/18/10,6/7/10,,3.11,2200,stocking date not noted in data
Rcap-,530,RcapMix,10,3/14/10,2010,100,3/18/10,6/7/10,,3.64,2200,stocking date not noted in data
Rcap-,531,RcapMix,10,3/14/10,2010,100,3/18/10,6/7/10,,3.31,2200,stocking date not noted in data
Rcap-,532,RcapMix,10,3/14/10,2010,100,3/18/10,6/7/10,,4.36,2200,stocking date not noted in data
Rcap-,533,RcapMix,10,3/14/10,2010,100,3/18/10,6/7/10,,3.06,2200,stocking date not noted in data
Rcap-,534,RcapMix,10,3/14/10,2010,100,3/18/10,6/7/10,,3.57,2200,stocking date not noted in data
Rcap-,535,RcapMix,10,3/14/10,2010,100,3/18/10,6/7/10,,2.98,2200,stocking date not noted in data
Rcap-,536,RcapMix,10,3/14/10,2010,100,3/18/10,6/7/10,,3.36,2200,stocking date not noted in data
Rcap-,537,RcapMix,10,3/14/10,2010,100,3/18/10,6/7/10,,3.51,2200,stocking date not noted in data
Rcap-,538,RcapMix,10,3/14/10,2010,100,3/18/10,6/7/10,,4.62,2200,stocking date not noted in data
Rcap-,539,RcapMix,10,3/14/10,2010,100,3/18/10,6/7/10,,3.43,2200,stocking date not noted in data
Rcap-,540,RcapMix,10,3/14/10,2010,100,3/18/10,6/7/10,,,,"Dead in tank, stocking date not noted in data"
Rcap-,541,RcapMix,10,3/14/10,2010,100,3/18/10,6/7/10,,,,"Dead in tank, stocking date not noted in data"
Rcap-,562,RcapMix,10,3/14/10,2010,100,3/18/10,6/8/10,,3.49,2200,stocking date not noted in data
Rcap-,563,RcapMix,10,3/14/10,2010,100,3/18/10,6/8/10,,4.02,2200,stocking date not noted in data
Rcap-,587,RcapMix,10,3/14/10,2010,100,3/18/10,6/9/10,,,,"Dead in tank, stocking date not noted in data"
Rcap-,588,RcapMix,10,3/14/10,2010,100,3/18/10,6/9/10,,3.89,2200,stocking date not noted in data
Rcap-,634,RcapMix,10,3/14/10,2010,100,3/18/10,6/11/10,,3.52,2200,stocking date not noted in data
Rcap-,635,RcapMix,10,3/14/10,2010,100,3/18/10,6/11/10,,3.2,2200,stocking date not noted in data
Rcap-,636,RcapMix,10,3/14/10,2010,100,3/18/10,6/11/10,,3.97,2200,stocking date not noted in data
Rcap-,637,RcapMix,10,3/14/10,2010,100,3/18/10,6/11/10,,4.65,2200,stocking date not noted in data
Rcap-,638,RcapMix,10,3/14/10,2010,100,3/18/10,6/11/10,,3.23,2200,stocking date not noted in data
Rcap-,639,RcapMix,10,3/14/10,2010,100,3/18/10,6/11/10,,4.34,2200,stocking date not noted in data
Rcap-,640,RcapMix,10,3/14/10,2010,100,3/18/10,6/11/10,,3.17,2200,stocking date not noted in data
Rcap-,641,RcapMix,10,3/14/10,2010,100,3/18/10,6/11/10,,3.77,2200,stocking date not noted in data
Rcap-,642,RcapMix,10,3/14/10,2010,100,3/18/10,6/11/10,,4.35,2200,stocking date not noted in data
Rcap-,643,RcapMix,10,3/14/10,2010,100,3/18/10,6/11/10,,3,2200,stocking date not noted in data
Rcap-,644,RcapMix,10,3/14/10,2010,100,3/18/10,6/11/10,,3.66,2200,stocking date not noted in data
Rcap-,645,RcapMix,10,3/14/10,2010,100,3/18/10,6/11/10,,3.97,2200,stocking date not noted in data
Rcap-,646,RcapMix,10,3/14/10,2010,100,3/18/10,6/11/10,,3.36,2200,stocking date not noted in data
Rcap-,647,RcapMix,10,3/14/10,2010,100,3/18/10,6/11/10,,3.21,2200,stocking date not noted in data
Rcap-,648,RcapMix,10,3/14/10,2010,100,3/18/10,6/11/10,,3.76,2200,stocking date not noted in data
Rcap-,649,RcapMix,10,3/14/10,2010,100,3/18/10,6/11/10,,3.53,2200,stocking date not noted in data
Rcap-,650,RcapMix,10,3/14/10,2010,100,3/18/10,6/11/10,,,,"Dead in tank, stocking date not noted in data"
Rcap-,675,RcapMix,10,3/14/10,2010,100,3/18/10,6/13/10,,,,"dead in tank, stocking date not noted in data"
Rcap-,676,RcapMix,10,3/14/10,2010,100,3/18/10,6/13/10,,,,"dead in tank, stocking date not noted in data"
Rcap-,677,RcapMix,10,3/14/10,2010,100,3/18/10,6/13/10,,4.08,2200,stocking date not noted in data
Rcap-,678,RcapMix,10,3/14/10,2010,100,3/18/10,6/13/10,,3.26,2200,stocking date not noted in data
Rcap-,679,RcapMix,10,3/14/10,2010,100,3/18/10,6/13/10,,4.03,2200,stocking date not noted in data
Rcap-,680,RcapMix,10,3/14/10,2010,100,3/18/10,6/13/10,,3.57,2200,stocking date not noted in data
Rcap-,681,RcapMix,10,3/14/10,2010,100,3/18/10,6/13/10,,3.35,2200,stocking date not noted in data
Rcap-,682,RcapMix,10,3/14/10,2010,100,3/18/10,6/13/10,,4.03,2200,stocking date not noted in data
Rcap-,700,RcapMix,10,3/14/10,2010,100,3/18/10,6/15/10,,,,"dead in tank, stocking date not noted in data"
Rcap-,701,RcapMix,10,3/14/10,2010,100,3/18/10,6/15/10,,,,"dead in tank, stocking date not noted in data"
Rcap-,702,RcapMix,10,3/14/10,2010,100,3/18/10,6/15/10,,3.23,2200,stocking date not noted in data
Rcap-,703,RcapMix,10,3/14/10,2010,100,3/18/10,6/15/10,,3.16,2200,stocking date not noted in data
Rcap-,704,RcapMix,10,3/14/10,2010,100,3/18/10,6/15/10,,3.49,2200,stocking date not noted in data
Rcap-,705,RcapMix,10,3/14/10,2010,100,3/18/10,6/15/10,,3.15,2200,stocking date not noted in data
Rcap-,706,RcapMix,10,3/14/10,2010,100,3/18/10,6/15/10,,3.12,2200,stocking date not noted in data
Rcap-,707,RcapMix,10,3/14/10,2010,100,3/18/10,6/15/10,,3.83,2200,stocking date not noted in data
Rcap-,724,RcapMix,10,3/14/10,2010,100,3/18/10,6/17/10,,,,"Dead in tank, stocking date not noted in data"
Rcap-,725,RcapMix,10,3/14/10,2010,100,3/18/10,6/17/10,,,,"Dead in tank, stocking date not noted in data"
Rcap-,726,RcapMix,10,3/14/10,2010,100,3/18/10,6/17/10,,,,"Dead in tank, stocking date not noted in data"
Rcap-,727,RcapMix,10,3/14/10,2010,100,3/18/10,6/17/10,,,,"Dead in tank, stocking date not noted in data"
Rcap-,728,RcapMix,10,3/14/10,2010,100,3/18/10,6/17/10,,3.14,2200,stocking date not noted in data
Rcap-,729,RcapMix,10,3/14/10,2010,100,3/18/10,6/17/10,,3.13,2200,stocking date not noted in data
Rcap-,730,RcapMix,10,3/14/10,2010,100,3/18/10,6/17/10,,3.81,2200,stocking date not noted in data
Rcap-,731,RcapMix,10,3/14/10,2010,100,3/18/10,6/17/10,,2.89,2200,stocking date not noted in data
Rcap-,732,RcapMix,10,3/14/10,2010,100,3/18/10,6/17/10,,2.57,2200,stocking date not noted in data
Rcap-,733,RcapMix,10,3/14/10,2010,100,3/18/10,6/17/10,,3.2,2200,stocking date not noted in data
Rcap-,734,RcapMix,10,3/14/10,2010,100,3/18/10,6/17/10,,3.67,2200,stocking date not noted in data
Rcap-,735,RcapMix,10,3/14/10,2010,100,3/18/10,6/17/10,,2.85,2200,stocking date not noted in data
Rcap-,736,RcapMix,10,3/14/10,2010,100,3/18/10,6/17/10,,3.11,2200,stocking date not noted in data
Rcap-,737,RcapMix,10,3/14/10,2010,100,3/18/10,6/17/10,,2.81,2200,stocking date not noted in data
Rcap-,742,RcapMix,10,3/14/10,2010,100,3/18/10,6/18/10,,3.31,2200,stocking date not noted in data
Rcap-,743,RcapMix,10,3/14/10,2010,100,3/18/10,6/18/10,,3.22,2200,stocking date not noted in data
Rcap-,748,RcapMix,10,3/14/10,2010,100,3/18/10,6/19/10,,2.9,2200,stocking date not noted in data
Rcap-,749,RcapMix,10,3/14/10,2010,100,3/18/10,6/19/10,,3.64,2200,stocking date not noted in data
Rcap-,750,RcapMix,10,3/14/10,2010,100,3/18/10,6/19/10,,3.75,2200,stocking date not noted in data
Rcap-,751,RcapMix,10,3/14/10,2010,100,3/18/10,6/21/10,,,,"dead in tank, stocking date not noted in data"
Rcap-,752,RcapMix,10,3/14/10,2010,100,3/18/10,6/21/10,,4.29,2200,stocking date not noted in data
Rcap-,753,RcapMix,10,3/14/10,2010,100,3/18/10,6/21/10,,3.74,2200,stocking date not noted in data
Rcap-,754,RcapMix,10,3/14/10,2010,100,3/18/10,6/21/10,,4.46,2200,stocking date not noted in data
Rcap-,769,RcapMix,10,3/14/10,2010,100,3/18/10,6/22/10,,3.36,2200,stocking date not noted in data
Rcap-,775,RcapMix,10,3/14/10,2010,100,3/18/10,6/25/10,,4.27,2200,stocking date not noted in data
Rcap-,776,RcapMix,10,3/14/10,2010,100,3/18/10,6/25/10,,5.03,2200,stocking date not noted in data
Rcap-,784,RcapMix,10,3/14/10,2010,100,3/18/10,6/28/10,,5.57,2200,stocking date not noted in data
Rcap-,785,RcapMix,10,3/14/10,2010,100,3/18/10,6/28/10,,4.7,2200,stocking date not noted in data
Rcap-,786,RcapMix,10,3/14/10,2010,100,3/18/10,6/28/10,,5.64,2200,stocking date not noted in data
Rcap-,790,RcapMix,10,3/14/10,2010,100,3/18/10,6/29/10,,5.26,2200,stocking date not noted in data
Rcap-,791,RcapMix,10,3/14/10,2010,100,3/18/10,6/29/10,,5.77,2200,stocking date not noted in data
Rcap-,793,RcapMix,10,3/14/10,2010,100,3/18/10,6/30/10,,4.92,2200,"still have partial tail, stocking date not noted in data"
Rcap-,794,RcapMix,10,3/14/10,2010,100,3/18/10,7/2/10,,5.38,2200,"still have partial tail, stocking date not noted in data"
Rcap-,799,RcapMix,10,3/14/10,2010,100,3/18/10,7/5/10,,8.75,2200,"still have partial tail, stocking date not noted in data"
Rcap-,800,RcapMix,10,3/14/10,2010,100,3/18/10,7/5/10,,5.74,2200,"still have partial tail, stocking date not noted in data"
Rcap-,801,RcapMix,10,3/14/10,2010,100,3/18/10,7/5/10,,7.76,2200,"still have partial tail, stocking date not noted in data"
Rcap-,802,RcapMix,10,3/14/10,2010,100,3/18/10,7/5/10,,8.2,2200,"still have partial tail, stocking date not noted in data"
Rcap-,1,Rcap1,1,na,2009,100,3/9/09,6/10/09,93,NA,,data has no mass recorded
Rcap-,2,Rcap1,1,na,2009,100,3/9/09,6/10/09,93,NA,,data has no mass recorded
Rcap-,3,Rcap1,1,na,2009,100,3/9/09,6/10/09,93,4.6,2100,Andy took blood
Rcap-,4,Rcap1,1,na,2009,100,3/9/09,6/10/09,93,4.34,2100,
Rcap-,5,Rcap1,1,na,2009,100,3/9/09,6/10/09,93,4.21,2100,
Rcap-,6,Rcap1,1,na,2009,100,3/9/09,6/10/09,93,2.8,2100,
Rcap-,7,Rcap1,1,na,2009,100,3/9/09,6/10/09,93,3.5,2100,Andy took blood
Rcap-,8,Rcap1,1,na,2009,100,3/9/09,6/10/09,93,2.89,2100,Andy took blood
Rcap-,15,Rcap1,1,na,2009,100,3/9/09,6/11/09,94,3.85,2100,
Rcap-,16,Rcap1,1,na,2009,100,3/9/09,6/11/09,94,4.93,2100,
Rcap-,17,Rcap1,1,na,2009,100,3/9/09,6/11/09,94,3.82,2100,
Rcap-,18,Rcap1,1,na,2009,100,3/9/09,6/11/09,94,4.64,2100,Andy took blood
Rcap-,28,Rcap1,1,na,2009,100,3/9/09,6/12/09,95,4.24,2100,"Andy took blood, died after 24 h."
Rcap-,29,Rcap1,1,na,2009,100,3/9/09,6/12/09,95,3.28,2100,Andy took blood
Rcap-,49,Rcap1,1,na,2009,100,3/9/09,6/14/09,97,4.49,2100,Andy took blood
Rcap-,50,Rcap1,1,na,2009,100,3/9/09,6/14/09,97,3.88,2100,
Rcap-,51,Rcap1,1,na,2009,100,3/9/09,6/14/09,97,4.6,2100,
Rcap-,52,Rcap1,1,na,2009,100,3/9/09,6/14/09,97,3.94,2100,
Rcap-,53,Rcap1,1,na,2009,100,3/9/09,6/14/09,97,3.93,2100,Andy took blood - dead on 7/1 - pink butt hemorrhage on thigh) 
Rcap-,54,Rcap1,1,na,2009,100,3/9/09,6/14/09,97,4.01,2100,
Rcap-,58,Rcap1,1,na,2009,100,3/9/09,6/14/09,97,4.01,2100,
Rcap-,69,Rcap1,1,na,2009,100,3/9/09,6/15/09,98,,2100,Found dead in tank 1-2 Decomp
Rcap-,70,Rcap1,1,na,2009,100,3/9/09,6/15/09,98,4.53,2100,
Rcap-,71,Rcap1,1,na,2009,100,3/9/09,6/15/09,98,3.71,2100,
Rcap-,72,Rcap1,1,na,2009,100,3/9/09,6/15/09,98,3.8,2100,
Rcap-,73,Rcap1,1,na,2009,100,3/9/09,6/15/09,98,3.34,2100,
Rcap-,74,Rcap1,1,na,2009,100,3/9/09,6/15/09,98,3.78,2100,
Rcap-,75,Rcap1,1,na,2009,100,3/9/09,6/15/09,98,4,2100,
Rcap-,76,Rcap1,1,na,2009,100,3/9/09,6/15/09,98,4.15,2100,
Rcap-,77,Rcap1,1,na,2009,100,3/9/09,6/15/09,98,5.11,2100,
Rcap-,78,Rcap1,1,na,2009,100,3/9/09,6/15/09,98,4.49,2100,
Rcap-,79,Rcap1,1,na,2009,100,3/9/09,6/15/09,98,4.42,2100,
Rcap-,80,Rcap1,1,na,2009,100,3/9/09,6/15/09,98,4.22,2100,
Rcap-,81,Rcap1,1,na,2009,100,3/9/09,6/15/09,98,4.56,2100,
Rcap-,82,Rcap1,1,na,2009,100,3/9/09,6/15/09,98,3.95,2100,
Rcap-,83,Rcap1,1,na,2009,100,3/9/09,6/15/09,98,4.35,2100,
Rcap-,84,Rcap1,1,na,2009,100,3/9/09,6/16/09,99,,2100,Dead mostly decomp
Rcap-,85,Rcap1,1,na,2009,100,3/9/09,6/16/09,99,5.01,2100,
Rcap-,86,Rcap1,1,na,2009,100,3/9/09,6/16/09,99,,2100,
Rcap-,87,Rcap1,1,na,2009,100,3/9/09,6/16/09,99,4.92,2100,
Rcap-,88,Rcap1,1,na,2009,100,3/9/09,6/16/09,99,4.57,2100,
Rcap-,89,Rcap1,1,na,2009,100,3/9/09,6/16/09,99,,2100,
Rcap-,90,Rcap1,1,na,2009,100,3/9/09,6/16/09,99,4.6,2100,
Rcap-,91,Rcap1,1,na,2009,100,3/9/09,6/16/09,99,3.33,2100,
Rcap-,92,Rcap1,1,na,2009,100,3/9/09,6/16/09,99,4.25,2100,
Rcap-,93,Rcap1,1,na,2009,100,3/9/09,6/16/09,99,5.5,2100,
Rcap-,94,Rcap1,1,na,2009,100,3/9/09,6/16/09,99,3.72,2100,Andy took blood
Rcap-,95,Rcap1,1,na,2009,100,3/9/09,6/16/09,99,4.95,2100,
Rcap-,96,Rcap1,1,na,2009,100,3/9/09,6/16/09,99,4.1,2100,Andy took blood
Rcap-,149,Rcap1,1,na,2009,100,3/9/09,6/18/09,101,3.91,2100,
Rcap-,150,Rcap1,1,na,2009,100,3/9/09,6/18/09,101,3.44,2100,Andy took blood
Rcap-,151,Rcap1,1,na,2009,100,3/9/09,6/18/09,101,4.25,2100,
Rcap-,152,Rcap1,1,na,2009,100,3/9/09,6/18/09,101,3.88,2100,"Andy took blood, dead 24 hours after blood draw"
Rcap-,153,Rcap1,1,na,2009,100,3/9/09,6/18/09,101,4.09,2100,
Rcap-,170,Rcap1,1,na,2009,100,3/9/09,6/20/09,103,2.85,2100,Andy took blood
Rcap-,171,Rcap1,1,na,2009,100,3/9/09,6/20/09,103,2.94,2100,Andy took blood
Rcap-,216,Rcap1,1,na,2009,100,3/9/09,6/23/09,106,3.91,2100,Andy took blood
Rcap-,217,Rcap1,1,na,2009,100,3/9/09,6/23/09,106,3.25,2100,
Rcap-,218,Rcap1,1,na,2009,100,3/9/09,6/23/09,106,2.53,2100,
Rcap-,219,Rcap1,1,na,2009,100,3/9/09,6/23/09,106,2.65,2100,Andy took blood
Rcap-,223,Rcap1,1,na,2009,100,3/9/09,6/24/09,107,2.18,2100,
Rcap-,224,Rcap1,1,na,2009,100,3/9/09,6/24/09,107,3.42,2100,
Rcap-,225,Rcap1,1,na,2009,100,3/9/09,6/24/09,107,2.23,2100,
Rcap-,226,Rcap1,1,na,2009,100,3/9/09,6/26/09,109,2.63,2100,Andy took blood
Rcap-,248,Rcap1,1,na,2009,100,3/9/09,6/28/09,111,2.14,2100,Andy took blood
Rcap-,252,Rcap1,1,na,2009,100,3/9/09,6/29/09,112,4.61,2100,
Rcap-,253,Rcap1,1,na,2009,100,3/9/09,6/29/09,112,3.26,2100,
Rcap-,257,Rcap1,1,na,2009,100,3/9/09,6/30/09,113,2.9,2100,tail nub
Rcap-,262,Rcap1,1,na,2009,100,3/9/09,7/1/09,114,2.86,2100,"forelimbs emerged, one half tail"
Rcap-,272,Rcap1,1,na,2009,100,3/9/09,7/7/09,120,3.17,2100,
Rcap-,282,Rcap1,1,na,2009,100,3/9/09,7/9/09,122,3.63,2100,
Rcap-,283,Rcap1,1,na,2009,100,3/9/09,7/9/09,122,3.14,2100,
Rcap-,284,Rcap1,1,na,2009,100,3/9/09,7/9/09,122,3.22,2100,
Rcap-,19,Rcap1,2,na,2009,100,3/9/09,6/11/09,94,2.52,2100,
Rcap-,20,Rcap1,2,na,2009,100,3/9/09,6/11/09,94,2.4,2100,
Rcap-,30,Rcap1,2,na,2009,100,3/9/09,6/12/09,95,2.9,2100,
Rcap-,31,Rcap1,2,na,2009,100,3/9/09,6/12/09,95,2.38,2100,
Rcap-,32,Rcap1,2,na,2009,100,3/9/09,6/12/09,95,2.53,2100,
Rcap-,33,Rcap1,2,na,2009,100,3/9/09,6/12/09,95,2.5,2100,
Rcap-,44,Rcap1,2,na,2009,100,3/9/09,6/14/09,97,2.9,2100,
Rcap-,45,Rcap1,2,na,2009,100,3/9/09,6/14/09,97,2.79,2100,
Rcap-,46,Rcap1,2,na,2009,100,3/9/09,6/14/09,97,2.52,2100,
Rcap-,47,Rcap1,2,na,2009,100,3/9/09,6/14/09,97,3.46,2100,
Rcap-,48,Rcap1,2,na,2009,100,3/9/09,6/14/09,97,3.13,2100,
Rcap-,59,Rcap1,2,na,2009,100,3/9/09,6/15/09,98,2.73,2100,
Rcap-,60,Rcap1,2,na,2009,100,3/9/09,6/15/09,98,3.25,2100,
Rcap-,61,Rcap1,2,na,2009,100,3/9/09,6/15/09,98,2.94,2100,
Rcap-,62,Rcap1,2,na,2009,100,3/9/09,6/15/09,98,3.29,2100,
Rcap-,63,Rcap1,2,na,2009,100,3/9/09,6/15/09,98,3.73,2100,
Rcap-,64,Rcap1,2,na,2009,100,3/9/09,6/15/09,98,3.18,2100,
Rcap-,65,Rcap1,2,na,2009,100,3/9/09,6/15/09,98,3.25,2100,
Rcap-,66,Rcap1,2,na,2009,100,3/9/09,6/15/09,98,2.96,2100,
Rcap-,67,Rcap1,2,na,2009,100,3/9/09,6/15/09,98,1.94,2100,
Rcap-,68,Rcap1,2,na,2009,100,3/9/09,6/15/09,98,2.16,2100,
Rcap-,97,Rcap1,2,na,2009,100,3/9/09,6/16/09,99,3.19,2100,
Rcap-,98,Rcap1,2,na,2009,100,3/9/09,6/16/09,99,2.8,2100,
Rcap-,99,Rcap1,2,na,2009,100,3/9/09,6/16/09,99,3.37,2100,
Rcap-,100,Rcap1,2,na,2009,100,3/9/09,6/16/09,99,3.33,2100,
Rcap-,101,Rcap1,2,na,2009,100,3/9/09,6/16/09,99,2.75,2100,
Rcap-,102,Rcap1,2,na,2009,100,3/9/09,6/16/09,99,3.53,2100,
Rcap-,103,Rcap1,2,na,2009,100,3/9/09,6/16/09,99,2.82,2100,
Rcap-,104,Rcap1,2,na,2009,100,3/9/09,6/16/09,99,2.74,2100,
Rcap-,105,Rcap1,2,na,2009,100,3/9/09,6/16/09,99,3.44,2100,
Rcap-,106,Rcap1,2,na,2009,100,3/9/09,6/16/09,99,3.03,2100,
Rcap-,107,Rcap1,2,na,2009,100,3/9/09,6/16/09,99,3.02,2100,
Rcap-,108,Rcap1,2,na,2009,100,3/9/09,6/16/09,99,3.02,2100,
Rcap-,109,Rcap1,2,na,2009,100,3/9/09,6/16/09,99,2.88,2100,
Rcap-,110,Rcap1,2,na,2009,100,3/9/09,6/16/09,99,3.3,2100,
Rcap-,111,Rcap1,2,na,2009,100,3/9/09,6/16/09,99,2.65,2100,
Rcap-,112,Rcap1,2,na,2009,100,3/9/09,6/16/09,99,3.22,2100,
Rcap-,113,Rcap1,2,na,2009,100,3/9/09,6/16/09,99,3.2,2100,
Rcap-,114,Rcap1,2,na,2009,100,3/9/09,6/16/09,99,3.11,2100,
Rcap-,115,Rcap1,2,na,2009,100,3/9/09,6/16/09,99,3.14,2100,
Rcap-,116,Rcap1,2,na,2009,100,3/9/09,6/16/09,99,2.72,2100,
Rcap-,117,Rcap1,2,na,2009,100,3/9/09,6/16/09,99,3.25,2100,
Rcap-,118,Rcap1,2,na,2009,100,3/9/09,6/16/09,99,3,2100,
Rcap-,119,Rcap1,2,na,2009,100,3/9/09,6/16/09,99,2.67,2100,
Rcap-,135,Rcap1,2,na,2009,100,3/9/09,6/17/09,100,,2100,found dead 1/2 tail resorbed
Rcap-,142,Rcap1,2,na,2009,100,3/9/09,6/18/09,101,2.31,2100,
Rcap-,143,Rcap1,2,na,2009,100,3/9/09,6/18/09,101,2.51,2100,
Rcap-,144,Rcap1,2,na,2009,100,3/9/09,6/18/09,101,2.65,2100,
Rcap-,145,Rcap1,2,na,2009,100,3/9/09,6/18/09,101,2.64,2100,
Rcap-,146,Rcap1,2,na,2009,100,3/9/09,6/18/09,101,2.16,2100,
Rcap-,147,Rcap1,2,na,2009,100,3/9/09,6/18/09,101,2.59,2100,
Rcap-,148,Rcap1,2,na,2009,100,3/9/09,6/18/09,101,3.18,2100,
Rcap-,154,Rcap1,2,na,2009,100,3/9/09,6/19/09,102,2.94,2100,
Rcap-,155,Rcap1,2,na,2009,100,3/9/09,6/19/09,102,2.75,2100,
Rcap-,156,Rcap1,2,na,2009,100,3/9/09,6/19/09,102,3.05,2100,
Rcap-,157,Rcap1,2,na,2009,100,3/9/09,6/19/09,102,3.38,2100,
Rcap-,158,Rcap1,2,na,2009,100,3/9/09,6/19/09,102,3.35,2100,
Rcap-,159,Rcap1,2,na,2009,100,3/9/09,6/19/09,102,2.93,2100,
Rcap-,160,Rcap1,2,na,2009,100,3/9/09,6/19/09,102,2.78,2100,
Rcap-,161,Rcap1,2,na,2009,100,3/9/09,6/19/09,102,2.69,2100,
Rcap-,185,Rcap1,2,na,2009,100,3/9/09,6/20/09,103,3.43,2100,
Rcap-,186,Rcap1,2,na,2009,100,3/9/09,6/20/09,103,2.71,2100,
Rcap-,187,Rcap1,2,na,2009,100,3/9/09,6/20/09,103,2.54,2100,
Rcap-,188,Rcap1,2,na,2009,100,3/9/09,6/20/09,103,2.19,2100,
Rcap-,189,Rcap1,2,na,2009,100,3/9/09,6/20/09,103,2.89,2100,
Rcap-,190,Rcap1,2,na,2009,100,3/9/09,6/20/09,103,2.3,2100,
Rcap-,191,Rcap1,2,na,2009,100,3/9/09,6/20/09,103,3.49,2100,
Rcap-,192,Rcap1,2,na,2009,100,3/9/09,6/20/09,103,2.73,2100,
Rcap-,193,Rcap1,2,na,2009,100,3/9/09,6/20/09,103,2.34,2100,
Rcap-,194,Rcap1,2,na,2009,100,3/9/09,6/20/09,103,2.39,2100,
Rcap-,195,Rcap1,2,na,2009,100,3/9/09,6/20/09,103,2.57,2100,
Rcap-,202,Rcap1,2,na,2009,100,3/9/09,6/22/09,105,2.91,2100,
Rcap-,203,Rcap1,2,na,2009,100,3/9/09,6/22/09,105,3.44,2100,
Rcap-,204,Rcap1,2,na,2009,100,3/9/09,6/22/09,105,2.25,2100,
Rcap-,205,Rcap1,2,na,2009,100,3/9/09,6/22/09,105,1.95,2100,
Rcap-,206,Rcap1,2,na,2009,100,3/9/09,6/22/09,105,3,2100,
Rcap-,207,Rcap1,2,na,2009,100,3/9/09,6/22/09,105,2.08,2100,
Rcap-,208,Rcap1,2,na,2009,100,3/9/09,6/22/09,105,2.63,2100,
Rcap-,209,Rcap1,2,na,2009,100,3/9/09,6/22/09,105,2.45,2100,
Rcap-,210,Rcap1,2,na,2009,100,3/9/09,6/22/09,105,,2100,"found dead, fully, freshly transformed - preserved for SCWDS"
Rcap-,211,Rcap1,2,na,2009,100,3/9/09,6/22/09,105,,2100,"found dead, fully, transformed - preserved for SCWDS"
Rcap-,212,Rcap1,2,na,2009,100,3/9/09,6/22/09,105,,2100,metamorphosed abnormal - preserved for SCWDS
Rcap-,213,Rcap1,2,na,2009,100,3/9/09,6/22/09,105,,2100,metamorphosed abnormal - preserved for SCWDS
Rcap-,214,Rcap1,2,na,2009,100,3/9/09,6/22/09,105,,2100,metamorphosed abnormal - preserved for SCWDS
Rcap-,215,Rcap1,2,na,2009,100,3/9/09,6/23/09,106,,2100,"found floating, abnormal gularr and spinal morphology"
Rcap-,227,Rcap1,2,na,2009,100,3/9/09,6/26/09,109,2.13,2100,
Rcap-,228,Rcap1,2,na,2009,100,3/9/09,6/26/09,109,2.35,2100,
Rcap-,229,Rcap1,2,na,2009,100,3/9/09,6/26/09,109,2.55,2100,
Rcap-,230,Rcap1,2,na,2009,100,3/9/09,6/26/09,109,2.11,2100,
Rcap-,231,Rcap1,2,na,2009,100,3/9/09,6/26/09,109,3.06,2100,
Rcap-,236,Rcap1,2,na,2009,100,3/9/09,6/27/09,110,2.45,2100,blood work - survived to release
Rcap-,237,Rcap1,2,na,2009,100,3/9/09,6/27/09,110,1.95,2100,blood work - survived to release
Rcap-,238,Rcap1,2,na,2009,100,3/9/09,6/27/09,110,2.46,2100,malformation at rear right foot - survived to release
Rcap-,239,Rcap1,2,na,2009,100,3/9/09,6/27/09,110,2.32,2100,tail nub when weighed - survived to release
Rcap-,240,Rcap1,2,na,2009,100,3/9/09,6/27/09,110,2.41,2100,
Rcap-,249,Rcap1,2,na,2009,100,3/9/09,6/28/09,111,2.28,2100,
Rcap-,255,Rcap1,2,na,2009,100,3/9/09,6/30/09,113,2.31,2100,tail nub
Rcap-,256,Rcap1,2,na,2009,100,3/9/09,6/30/09,113,1.98,2100,
Rcap-,269,Rcap1,2,na,2009,100,3/9/09,7/3/09,116,2.7,2100,
Rcap-,275,Rcap1,2,na,2009,100,3/9/09,7/8/09,121,2.09,2100,
Rcap-,279,Rcap1,2,na,2009,100,3/9/09,7/9/09,122,2.16,2100,
Rcap-,280,Rcap1,2,na,2009,100,3/9/09,7/9/09,122,2.07,2100,
Rcap-,281,Rcap1,2,na,2009,100,3/9/09,7/9/09,122,2.33,2100,
Rcap-,285,Rcap1,2,na,2009,100,3/9/09,7/13/09,126,2.19,2100,
Rcap-,288,Rcap1,2,na,2009,100,3/9/09,7/16/09,129,2.61,2100,
Rcap-,289,Rcap1,2,na,2009,100,3/9/09,7/19/09,132,2.5,2100,
Rcap-,9,Rcap1,3,na,2009,100,3/9/09,6/10/09,93,2.46,2100,
Rcap-,10,Rcap1,3,na,2009,100,3/9/09,6/10/09,93,4.3,2100,Andy took blood
Rcap-,11,Rcap1,3,na,2009,100,3/9/09,6/10/09,93,4.48,2100,Andy took blood
Rcap-,12,Rcap1,3,na,2009,100,3/9/09,6/10/09,93,3.31,2100,
Rcap-,13,Rcap1,3,na,2009,100,3/9/09,6/10/09,93,2.19,2100,
Rcap-,14,Rcap1,3,na,2009,100,3/9/09,6/10/09,93,4.92,2100,
Rcap-,21,Rcap1,3,na,2009,100,3/9/09,6/11/09,94,3.51,2100,
Rcap-,22,Rcap1,3,na,2009,100,3/9/09,6/11/09,94,4.54,2100,Andy took blood
Rcap-,23,Rcap1,3,na,2009,100,3/9/09,6/11/09,94,2.74,2100,Andy took blood
Rcap-,24,Rcap1,3,na,2009,100,3/9/09,6/11/09,94,3.45,2100,
Rcap-,25,Rcap1,3,na,2009,100,3/9/09,6/11/09,94,3.29,2100,
Rcap-,26,Rcap1,3,na,2009,100,3/9/09,6/11/09,94,2.92,2100,
Rcap-,27,Rcap1,3,na,2009,100,3/9/09,6/11/09,94,4.13,2100,
Rcap-,34,Rcap1,3,na,2009,100,3/9/09,6/12/09,95,3.43,2100,Andy took blood - dead on 7/1 hemorrhage tissue on thigh
Rcap-,35,Rcap1,3,na,2009,100,3/9/09,6/12/09,95,3.34,2100,
Rcap-,36,Rcap1,3,na,2009,100,3/9/09,6/12/09,95,3.44,2100,
Rcap-,37,Rcap1,3,na,2009,100,3/9/09,6/12/09,95,3.57,2100,
Rcap-,38,Rcap1,3,na,2009,100,3/9/09,6/12/09,95,3.02,2100,Andy took blood
Rcap-,39,Rcap1,3,na,2009,100,3/9/09,6/12/09,95,4,2100,
Rcap-,40,Rcap1,3,na,2009,100,3/9/09,6/14/09,97,3.73,2100,Andy took blood
Rcap-,41,Rcap1,3,na,2009,100,3/9/09,6/14/09,97,3.51,2100,
Rcap-,42,Rcap1,3,na,2009,100,3/9/09,6/14/09,97,3.99,2100,Andy took blood
Rcap-,43,Rcap1,3,na,2009,100,3/9/09,6/14/09,97,3.59,2100,
Rcap-,55,Rcap1,3,na,2009,100,3/9/09,6/15/09,98,3.8,2100,
Rcap-,56,Rcap1,3,na,2009,100,3/9/09,6/15/09,98,4.62,2100,
Rcap-,57,Rcap1,3,na,2009,100,3/9/09,6/15/09,98,3.51,2100,
Rcap-,120,Rcap1,3,na,2009,100,3/9/09,6/16/09,99,4.42,2100,
Rcap-,121,Rcap1,3,na,2009,100,3/9/09,6/16/09,99,2.77,2100,
Rcap-,122,Rcap1,3,na,2009,100,3/9/09,6/16/09,99,3.66,2100,
Rcap-,123,Rcap1,3,na,2009,100,3/9/09,6/16/09,99,3.66,2100,
Rcap-,124,Rcap1,3,na,2009,100,3/9/09,6/16/09,99,4.1,2100,
Rcap-,125,Rcap1,3,na,2009,100,3/9/09,6/16/09,99,4.6,2100,
Rcap-,126,Rcap1,3,na,2009,100,3/9/09,6/16/09,99,3.16,2100,
Rcap-,127,Rcap1,3,na,2009,100,3/9/09,6/16/09,99,3.05,2100,
Rcap-,128,Rcap1,3,na,2009,100,3/9/09,6/16/09,99,3.46,2100,Andy took blood
Rcap-,129,Rcap1,3,na,2009,100,3/9/09,6/16/09,99,3.3,2100,
Rcap-,130,Rcap1,3,na,2009,100,3/9/09,6/16/09,99,3.67,2100,Andy took blood
Rcap-,131,Rcap1,3,na,2009,100,3/9/09,6/16/09,99,2.87,2100,
Rcap-,132,Rcap1,3,na,2009,100,3/9/09,6/16/09,99,3.64,2100,
Rcap-,133,Rcap1,3,na,2009,100,3/9/09,6/16/09,99,4.67,2100,
Rcap-,134,Rcap1,3,na,2009,100,3/9/09,6/16/09,99,3.25,2100,killed in action (clipping)
Rcap-,136,Rcap1,3,na,2009,100,3/9/09,6/18/09,101,3.17,2100,Andy took blood
Rcap-,137,Rcap1,3,na,2009,100,3/9/09,6/18/09,101,3.85,2100,
Rcap-,138,Rcap1,3,na,2009,100,3/9/09,6/18/09,101,3.61,2100,
Rcap-,139,Rcap1,3,na,2009,100,3/9/09,6/18/09,101,3.74,2100,
Rcap-,140,Rcap1,3,na,2009,100,3/9/09,6/18/09,101,4.36,2100,
Rcap-,141,Rcap1,3,na,2009,100,3/9/09,6/18/09,101,3.93,2100,Andy took blood
Rcap-,162,Rcap1,3,na,2009,100,3/9/09,6/19/09,102,4.15,2100,
Rcap-,163,Rcap1,3,na,2009,100,3/9/09,6/19/09,102,3.29,2100,
Rcap-,164,Rcap1,3,na,2009,100,3/9/09,6/19/09,102,3.21,2100,
Rcap-,165,Rcap1,3,na,2009,100,3/9/09,6/19/09,102,3.62,2100,
Rcap-,166,Rcap1,3,na,2009,100,3/9/09,6/19/09,102,3.25,2100,
Rcap-,167,Rcap1,3,na,2009,100,3/9/09,6/19/09,102,2.96,2100,
Rcap-,168,Rcap1,3,na,2009,100,3/9/09,6/19/09,102,4.22,2100,
Rcap-,169,Rcap1,3,na,2009,100,3/9/09,6/19/09,102,3.17,2100,
Rcap-,172,Rcap1,3,na,2009,100,3/9/09,6/20/09,103,4.15,2100,
Rcap-,173,Rcap1,3,na,2009,100,3/9/09,6/20/09,103,3.87,2100,
Rcap-,174,Rcap1,3,na,2009,100,3/9/09,6/20/09,103,2.87,2100,
Rcap-,175,Rcap1,3,na,2009,100,3/9/09,6/20/09,103,3.28,2100,
Rcap-,176,Rcap1,3,na,2009,100,3/9/09,6/20/09,103,3.12,2100,
Rcap-,177,Rcap1,3,na,2009,100,3/9/09,6/20/09,103,3.59,2100,
Rcap-,178,Rcap1,3,na,2009,100,3/9/09,6/20/09,103,2.68,2100,
Rcap-,179,Rcap1,3,na,2009,100,3/9/09,6/20/09,103,3.9,2100,
Rcap-,180,Rcap1,3,na,2009,100,3/9/09,6/20/09,103,3.08,2100,
Rcap-,181,Rcap1,3,na,2009,100,3/9/09,6/20/09,103,2.68,2100,Andy took blood/found dead 24hr past blood draw
Rcap-,182,Rcap1,3,na,2009,100,3/9/09,6/20/09,103,2.68,2100,
Rcap-,183,Rcap1,3,na,2009,100,3/9/09,6/20/09,103,4.1,2100,
Rcap-,184,Rcap1,3,na,2009,100,3/9/09,6/20/09,103,3,2100,Andy took blood
Rcap-,196,Rcap1,3,na,2009,100,3/9/09,6/22/09,105,4.41,2100,
Rcap-,197,Rcap1,3,na,2009,100,3/9/09,6/22/09,105,3.02,2100,
Rcap-,198,Rcap1,3,na,2009,100,3/9/09,6/22/09,105,3.97,2100,
Rcap-,199,Rcap1,3,na,2009,100,3/9/09,6/22/09,105,3.98,2100,
Rcap-,200,Rcap1,3,na,2009,100,3/9/09,6/22/09,105,2.85,2100,
Rcap-,201,Rcap1,3,na,2009,100,3/9/09,6/22/09,105,3.44,2100,
Rcap-,220,Rcap1,3,na,2009,100,3/9/09,6/23/09,106,4.22,2100,
Rcap-,221,Rcap1,3,na,2009,100,3/9/09,6/23/09,106,2.79,2100,Andy took blood
Rcap-,222,Rcap1,3,na,2009,100,3/9/09,6/23/09,106,3.78,2100,Andy took blood / dead 24 hours past blood draw
Rcap-,232,Rcap1,3,na,2009,100,3/9/09,6/26/09,109,3.32,2100,
Rcap-,233,Rcap1,3,na,2009,100,3/9/09,6/26/09,109,3.11,2100,Andy took blood
Rcap-,234,Rcap1,3,na,2009,100,3/9/09,6/26/09,109,2.75,2100,Andy took blood
Rcap-,235,Rcap1,3,na,2009,100,3/9/09,6/26/09,109,3.92,2100,
Rcap-,241,Rcap1,3,na,2009,100,3/9/09,6/27/09,110,2.41,2100,
Rcap-,242,Rcap1,3,na,2009,100,3/9/09,6/28/09,111,,2100,"found dead, fully morphed"
Rcap-,243,Rcap1,3,na,2009,100,3/9/09,6/28/09,111,3.37,2100,Andy took blood
Rcap-,244,Rcap1,3,na,2009,100,3/9/09,6/28/09,111,2.91,2100,"Andy took blood, failed"
Rcap-,245,Rcap1,3,na,2009,100,3/9/09,6/28/09,111,2.88,2100,Andy took blood
Rcap-,246,Rcap1,3,na,2009,100,3/9/09,6/28/09,111,2.9,2100,
Rcap-,247,Rcap1,3,na,2009,100,3/9/09,6/28/09,111,2.68,2100,
Rcap-,250,Rcap1,3,na,2009,100,3/9/09,6/29/09,112,2.55,2100,
Rcap-,251,Rcap1,3,na,2009,100,3/9/09,6/29/09,112,,2100,no frog in contained 7/1
Rcap-,254,Rcap1,3,na,2009,100,3/9/09,6/30/09,113,3.45,2100,partial tail
Rcap-,258,Rcap1,3,na,2009,100,3/9/09,7/1/09,114,3.31,2100,forelimbs emerged but full tail
Rcap-,259,Rcap1,3,na,2009,100,3/9/09,7/1/09,114,2.98,2100,forelimbs emerged but full tail
Rcap-,260,Rcap1,3,na,2009,100,3/9/09,7/1/09,114,3.06,2100,forelimbs emerged but full tail
Rcap-,261,Rcap1,3,na,2009,100,3/9/09,7/1/09,114,3.3,2100,forelimbs emerged but full tail
Rcap-,270,Rcap1,3,na,2009,100,3/9/09,7/3/09,116,3.01,2100,
Rcap-,271,Rcap1,3,na,2009,100,3/9/09,7/6/09,119,2.87,2100,
Rcap-,273,Rcap1,3,na,2009,100,3/9/09,7/7/09,120,3.36,2100,
Rcap-,274,Rcap1,3,na,2009,100,3/9/09,7/8/09,121,2.93,2100,
Rcap-,276,Rcap1,3,na,2009,100,3/9/09,7/9/09,122,3.09,2100,
Rcap-,277,Rcap1,3,na,2009,100,3/9/09,7/9/09,122,3.19,2100,
Rcap-,278,Rcap1,3,na,2009,100,3/9/09,7/9/09,122,3.37,2100,
Rcap-,286,Rcap1,3,na,2009,100,3/9/09,7/15/09,128,2.87,2100,
Rcap-,287,Rcap1,3,na,2009,100,3/9/09,7/16/09,129,3,2100,